ID,Description,setSize,enrichmentScore,NES,pvalue,p.adjust,qvalue,rank,leading_edge,core_enrichment,log2err
GO:0000070,mitotic sister chromatid segregation,28,-0.776642286117738,-1.96470775337805,0.000221970736841685,0.600823904293077,0.553192678719953,392,"tags=29%, list=10%, signal=26%",701/3303/4733/1063/699/387/2491/7283,0.518848077743792
GO:0000819,sister chromatid segregation,33,-0.73384071471852,-1.95696277549472,0.000287966098176903,0.600823904293077,0.553192678719953,392,"tags=24%, list=10%, signal=22%",701/3303/4733/1063/699/387/2491/7283,0.49849310876659
GO:0007059,chromosome segregation,47,-0.688533532985997,-1.94065540489657,0.00032702175760268,0.600823904293077,0.553192678719953,392,"tags=19%, list=10%, signal=17%",701/3303/4733/1063/699/387/2491/672/7283,0.49849310876659
GO:0045912,negative regulation of carbohydrate metabolic process,12,0.787293790212431,1.9258083607992,0.00110926287627779,0.600823904293077,0.553192678719953,348,"tags=42%, list=9%, signal=38%",1196/863/1213/4485/2033,0.45505986738723
GO:0098813,nuclear chromosome segregation,37,-0.709062087023501,-1.91626309426606,0.001159958122957,0.600823904293077,0.553192678719953,392,"tags=22%, list=10%, signal=20%",701/3303/4733/1063/699/387/2491/7283,0.45505986738723
GO:1903046,meiotic cell cycle process,17,-0.807863120010577,-1.89205769036721,0.00345544314041336,0.689548653855917,0.634883639297119,2,"tags=6%, list=0%, signal=6%",7283,0.431707695803346
GO:0048515,spermatid differentiation,16,-0.80152148380875,-1.87868225275646,0.0026386233260761,0.689548653855917,0.634883639297119,2,"tags=6%, list=0%, signal=6%",7283,0.431707695803346
GO:0001942,hair follicle development,12,-0.86967034457523,-1.87828397343902,0.000916168415651139,0.600823904293077,0.553192678719953,100,"tags=25%, list=2%, signal=24%",538/3890/1001,0.477270815362862
GO:0022404,molting cycle process,12,-0.86967034457523,-1.87828397343902,0.000916168415651139,0.600823904293077,0.553192678719953,100,"tags=25%, list=2%, signal=24%",538/3890/1001,0.477270815362862
GO:0022405,hair cycle process,12,-0.86967034457523,-1.87828397343902,0.000916168415651139,0.600823904293077,0.553192678719953,100,"tags=25%, list=2%, signal=24%",538/3890/1001,0.477270815362862
GO:0033077,T cell differentiation in thymus,21,0.649315978774158,1.85328777755885,0.00307863400479159,0.689548653855917,0.634883639297119,665,"tags=48%, list=16%, signal=40%",4775/648/814/915/1029/2737/101/5687/1235/677,0.431707695803346
GO:0007286,spermatid development,15,-0.818376758348077,-1.84862893895071,0.00430540146785386,0.689548653855917,0.634883639297119,2,"tags=7%, list=0%, signal=7%",7283,0.407017918923954
GO:0031639,plasminogen activation,10,-0.88151962175545,-1.84844484349026,0.00124831950307132,0.600823904293077,0.553192678719953,50,"tags=20%, list=1%, signal=20%",350/861,0.45505986738723
GO:0031122,cytoplasmic microtubule organization,9,-0.881669214098772,-1.84054950179762,0.00220182405682283,0.689548653855917,0.634883639297119,55,"tags=22%, list=1%, signal=22%",387/7283,0.431707695803346
GO:0141091,transforming growth factor beta receptor superfamily signaling pathway,66,-0.623340342363797,-1.83223940830371,0.00102363037132165,0.600823904293077,0.553192678719953,695,"tags=35%, list=17%, signal=29%",857/1149/655/1028/860/1460/2651/1385/1749/3693/3303/650/2348/1655/5678/2661/2662/2734/331/653/1387/1001/659,0.45505986738723
GO:0001973,G protein-coupled adenosine receptor signaling pathway,8,0.835851341404243,1.81867840221279,0.00236289205084191,0.689548653855917,0.634883639297119,119,"tags=38%, list=3%, signal=36%",134/136/5028,0.431707695803346
GO:0035588,G protein-coupled purinergic receptor signaling pathway,8,0.835851341404243,1.81867840221279,0.00236289205084191,0.689548653855917,0.634883639297119,119,"tags=38%, list=3%, signal=36%",134/136/5028,0.431707695803346
GO:0042303,molting cycle,14,-0.793879807236044,-1.8025502228091,0.00562884359994416,0.774463702691882,0.713066918946208,100,"tags=21%, list=2%, signal=21%",538/3890/1001,0.407017918923954
GO:0042633,hair cycle,14,-0.793879807236044,-1.8025502228091,0.00562884359994416,0.774463702691882,0.713066918946208,100,"tags=21%, list=2%, signal=21%",538/3890/1001,0.407017918923954
GO:0007051,spindle organization,21,-0.740498548981416,-1.80212862586516,0.00289865974309458,0.689548653855917,0.634883639297119,55,"tags=10%, list=1%, signal=9%",387/7283,0.431707695803346
GO:1902850,microtubule cytoskeleton organization involved in mitosis,24,-0.720127646051398,-1.79872295745128,0.00484515617686436,0.72243337241922,0.665161371958886,466,"tags=29%, list=12%, signal=26%",4134/3064/3303/4733/3688/387/7283,0.407017918923954
GO:0140014,mitotic nuclear division,43,-0.658579533879373,-1.79836281910631,0.00137949677778347,0.600823904293077,0.553192678719953,392,"tags=23%, list=10%, signal=21%",701/3303/4733/1063/699/1908/387/1613/2491/7283,0.45505986738723
GO:0051321,meiotic cell cycle,26,-0.698880743956539,-1.79612290262641,0.00697169001896273,0.796517654004232,0.73337250984508,2,"tags=4%, list=0%, signal=4%",7283,0.407017918923954
GO:0048286,lung alveolus development,9,-0.856007062132158,-1.78697786715062,0.00427003672364328,0.689548653855917,0.634883639297119,100,"tags=22%, list=2%, signal=22%",538/659,0.407017918923954
GO:0035590,purinergic nucleotide receptor signaling pathway,9,0.783553274951882,1.77819118765247,0.00830971156046346,0.796517654004232,0.73337250984508,119,"tags=33%, list=3%, signal=32%",134/136/5028,0.380730400722792
GO:0098773,skin epidermis development,18,-0.75458721969375,-1.77276177416036,0.00381501663649832,0.689548653855917,0.634883639297119,100,"tags=17%, list=2%, signal=16%",538/3890/1001,0.431707695803346
GO:0044060,regulation of endocrine process,18,-0.751556487604438,-1.76564163502278,0.00408040262718745,0.689548653855917,0.634883639297119,175,"tags=28%, list=4%, signal=27%",2661/1393/4986/2150/706,0.407017918923954
GO:0007052,mitotic spindle organization,17,-0.753264325421676,-1.76418445710789,0.0104542059719335,0.801494772730314,0.737955059941231,55,"tags=12%, list=1%, signal=12%",387/7283,0.380730400722792
GO:0007178,cell surface receptor protein serine/threonine kinase signaling pathway,70,-0.594066315122338,-1.76332808344904,0.000985413871474668,0.600823904293077,0.553192678719953,695,"tags=34%, list=17%, signal=29%",857/1149/655/1028/860/1460/2651/1385/1749/3693/3303/650/2348/1655/5678/2661/2662/2734/651/331/653/1387/1001/659,0.45505986738723
GO:0000280,nuclear division,50,-0.622131159369713,-1.75527558989826,0.00136836295074983,0.600823904293077,0.553192678719953,392,"tags=20%, list=10%, signal=18%",701/3303/4733/1063/699/1908/387/1613/2491/7283,0.45505986738723
GO:0048285,organelle fission,55,-0.611783669627339,-1.75446772246195,0.00301027158047219,0.689548653855917,0.634883639297119,392,"tags=18%, list=10%, signal=17%",701/3303/4733/1063/699/1908/387/1613/2491/7283,0.431707695803346
GO:1902514,regulation of calcium ion transmembrane transport via high voltage-gated calcium channel,9,0.771806494541051,1.75153311336759,0.010372782907439,0.801494772730314,0.737955059941231,272,"tags=44%, list=7%, signal=42%",783/782/786/781,0.380730400722792
GO:0007422,peripheral nervous system development,17,-0.746660217947153,-1.74871729190914,0.011668226827535,0.817186123995346,0.75240245555418,274,"tags=29%, list=7%, signal=28%",5457/2885/4763/575/861,0.380730400722792
GO:0007179,transforming growth factor beta receptor signaling pathway,38,-0.635631985343688,-1.73427296206556,0.00974335120213933,0.801494772730314,0.737955059941231,414,"tags=32%, list=10%, signal=29%",2651/1385/3693/3303/650/2348/5678/2661/2662/2734/1387/1001,0.380730400722792
GO:0034103,regulation of tissue remodeling,20,-0.730926231304625,-1.73327864725534,0.00588165651991363,0.774463702691882,0.713066918946208,67,"tags=15%, list=2%, signal=15%",5578/4763/861,0.407017918923954
GO:0031098,stress-activated protein kinase signaling cascade,8,0.7952175563825,1.73026580590703,0.00872202305691671,0.796517654004232,0.73337250984508,552,"tags=38%, list=14%, signal=32%",5609/2308/1410,0.380730400722792
GO:0051403,stress-activated MAPK cascade,8,0.7952175563825,1.73026580590703,0.00872202305691671,0.796517654004232,0.73337250984508,552,"tags=38%, list=14%, signal=32%",5609/2308/1410,0.380730400722792
GO:0051953,negative regulation of amine transport,12,0.703638365340223,1.72117786752217,0.0137758719657764,0.817186123995346,0.75240245555418,119,"tags=25%, list=3%, signal=24%",18/134/5028,0.380730400722792
GO:0032891,negative regulation of organic acid transport,8,0.786766232081247,1.71187708028632,0.0103181893131893,0.801494772730314,0.737955059941231,21,"tags=25%, list=1%, signal=25%",18/134,0.380730400722792
GO:0051956,negative regulation of amino acid transport,5,0.893133040751299,1.70494622828663,0.00419342397915292,0.689548653855917,0.634883639297119,21,"tags=40%, list=1%, signal=40%",18/134,0.407017918923954
GO:0044550,secondary metabolite biosynthetic process,9,-0.816390698533953,-1.70427578669039,0.00978396834471276,0.801494772730314,0.737955059941231,133,"tags=44%, list=3%, signal=43%",1544/538/7306/1001,0.380730400722792
GO:0071711,basement membrane organization,10,-0.811804135273155,-1.70225951951189,0.00603480477901973,0.776569651336584,0.715005915320495,338,"tags=40%, list=8%, signal=37%",3915/7837/3688/1295,0.407017918923954
GO:0017015,regulation of transforming growth factor beta receptor signaling pathway,18,-0.723505828891449,-1.69974185006938,0.00738806966787474,0.796517654004232,0.73337250984508,646,"tags=44%, list=16%, signal=38%",1149/1028/3303/650/2348/2734/1387/1001,0.407017918923954
GO:1903844,regulation of cellular response to transforming growth factor beta stimulus,18,-0.723505828891449,-1.69974185006938,0.00738806966787474,0.796517654004232,0.73337250984508,646,"tags=44%, list=16%, signal=38%",1149/1028/3303/650/2348/2734/1387/1001,0.407017918923954
GO:0046148,pigment biosynthetic process,22,-0.689627023202436,-1.69701250041959,0.0109071150014385,0.804074267289344,0.74033006115982,166,"tags=23%, list=4%, signal=22%",1355/538/7306/706/1001,0.380730400722792
GO:0031424,keratinization,12,-0.785353201285588,-1.69617871951726,0.00714970914401395,0.796517654004232,0.73337250984508,326,"tags=25%, list=8%, signal=23%",3887/3890/1001,0.407017918923954
GO:0048771,tissue remodeling,44,-0.609708504998511,-1.69179246937613,0.00394122738789906,0.689548653855917,0.634883639297119,100,"tags=11%, list=2%, signal=11%",538/5578/4763/659/861,0.407017918923954
GO:0006611,protein export from nucleus,8,0.777210510546803,1.69108536349245,0.0126958144555848,0.817186123995346,0.75240245555418,327,"tags=38%, list=8%, signal=35%",580/1029/811,0.380730400722792
GO:0071901,negative regulation of protein serine/threonine kinase activity,8,0.776961494671867,1.69054354490447,0.0129205133219592,0.817186123995346,0.75240245555418,222,"tags=25%, list=5%, signal=24%",1029/1647,0.380730400722792
GO:0007281,germ cell development,33,-0.630110625995432,-1.68034154385903,0.00999976026214281,0.801494772730314,0.737955059941231,2,"tags=3%, list=0%, signal=3%",7283,0.380730400722792
GO:0045109,intermediate filament organization,13,-0.763723232327553,-1.67751338646272,0.0117797750316671,0.817186123995346,0.75240245555418,654,"tags=54%, list=16%, signal=45%",1674/3883/631/1832/3887/3860/3890,0.380730400722792
GO:0051289,protein homotetramerization,17,-0.715850106042048,-1.67655839799854,0.0187427297099721,0.849310069575246,0.781979726663771,691,"tags=41%, list=17%, signal=34%",359/1429/567/362/361/1491/226,0.352487857583619
GO:0003283,atrial septum development,6,-0.914378746755928,-1.67505841843884,0.00268997048318224,0.689548653855917,0.634883639297119,8,"tags=17%, list=0%, signal=17%",659,0.431707695803346
GO:0090092,regulation of transmembrane receptor protein serine/threonine kinase signaling pathway,44,-0.602049740192927,-1.67054126405984,0.00484854612361893,0.72243337241922,0.665161371958886,695,"tags=34%, list=17%, signal=29%",857/1149/655/1028/1460/3303/650/2348/5678/2734/331/653/1387/1001/659,0.407017918923954
GO:0099509,regulation of presynaptic cytosolic calcium ion concentration,8,0.766740802920204,1.66830495961586,0.0167404058845179,0.838798036443721,0.772301050889937,247,"tags=75%, list=6%, signal=71%",134/783/5028/793/794/1268,0.352487857583619
GO:0014014,negative regulation of gliogenesis,9,-0.798585712800783,-1.66710656597058,0.015776852249481,0.817186123995346,0.75240245555418,171,"tags=33%, list=4%, signal=32%",474/4763/706,0.352487857583619
GO:0061577,calcium ion transmembrane transport via high voltage-gated calcium channel,11,0.677156896405202,1.66436590352889,0.0446958436349242,0.907371794871795,0.835438520693764,272,"tags=36%, list=7%, signal=34%",783/782/786/781,0.321775918075361
GO:0001707,mesoderm formation,9,-0.796851268745739,-1.66348578610171,0.015776852249481,0.817186123995346,0.75240245555418,129,"tags=33%, list=3%, signal=32%",3688/2138/659,0.352487857583619
GO:0048332,mesoderm morphogenesis,9,-0.796851268745739,-1.66348578610171,0.015776852249481,0.817186123995346,0.75240245555418,129,"tags=33%, list=3%, signal=32%",3688/2138/659,0.352487857583619
GO:0006000,fructose metabolic process,5,-0.948464190717007,-1.6569650597834,0.00236885898527146,0.689548653855917,0.634883639297119,17,"tags=40%, list=0%, signal=40%",226/3795,0.431707695803346
GO:0043567,regulation of insulin-like growth factor receptor signaling pathway,8,-0.853621783999436,-1.6546451980841,0.00789356119347988,0.796517654004232,0.73337250984508,396,"tags=50%, list=10%, signal=45%",2688/650/653/1001,0.380730400722792
GO:0070873,regulation of glycogen metabolic process,6,-0.901594337899019,-1.65163854810994,0.00431848122455981,0.689548653855917,0.634883639297119,6,"tags=17%, list=0%, signal=17%",3795,0.407017918923954
GO:0032963,collagen metabolic process,21,-0.677647484418467,-1.64916991612725,0.0175725336275447,0.849310069575246,0.781979726663771,194,"tags=19%, list=5%, signal=18%",4317/3688/4312/861,0.352487857583619
GO:0033079,immature T cell proliferation,5,0.863302938400911,1.64800205740598,0.0142649532906417,0.817186123995346,0.75240245555418,193,"tags=40%, list=5%, signal=38%",648/1029,0.380730400722792
GO:0060986,endocrine hormone secretion,19,-0.691398409418426,-1.64664899169182,0.0189043265161635,0.849310069575246,0.781979726663771,175,"tags=21%, list=4%, signal=20%",2661/1393/4986/706,0.352487857583619
GO:0030278,regulation of ossification,33,-0.614975958925188,-1.63998131379557,0.0147515927549943,0.817186123995346,0.75240245555418,422,"tags=21%, list=10%, signal=19%",1230/2824/650/2662/651/490/659,0.380730400722792
GO:0031109,microtubule polymerization or depolymerization,12,-0.757378418067166,-1.6357597489184,0.0134140710391657,0.817186123995346,0.75240245555418,2,"tags=8%, list=0%, signal=8%",7283,0.380730400722792
GO:0050768,negative regulation of neurogenesis,22,-0.663858120800256,-1.6336011954282,0.0156002456101287,0.817186123995346,0.75240245555418,658,"tags=45%, list=16%, signal=38%",5309/4168/7476/4099/567/5108/999/474/4763/706,0.380730400722792
GO:0010755,regulation of plasminogen activation,7,-0.865411572320488,-1.63359156613267,0.00973973699327952,0.801494772730314,0.737955059941231,5,"tags=14%, list=0%, signal=14%",861,0.380730400722792
GO:0032623,interleukin-2 production,14,-0.717977264694693,-1.63020909040767,0.0336889814519354,0.907371794871795,0.835438520693764,5,"tags=7%, list=0%, signal=7%",861,0.321775918075361
GO:0032663,regulation of interleukin-2 production,14,-0.717977264694693,-1.63020909040767,0.0336889814519354,0.907371794871795,0.835438520693764,5,"tags=7%, list=0%, signal=7%",861,0.321775918075361
GO:0001935,endothelial cell proliferation,43,-0.596093507684173,-1.62773415477291,0.00649443791315409,0.796517654004232,0.73337250984508,513,"tags=26%, list=13%, signal=23%",2152/498/1535/1012/1960/5617/1232/5578/350/4763/659,0.407017918923954
GO:0046785,microtubule polymerization,10,-0.77477541796258,-1.62461457561661,0.0118936998097096,0.817186123995346,0.75240245555418,2,"tags=10%, list=0%, signal=10%",7283,0.380730400722792
GO:0030325,adrenal gland development,7,-0.859897837826115,-1.62318358170538,0.0116437127852645,0.817186123995346,0.75240245555418,41,"tags=29%, list=1%, signal=28%",4763/706,0.380730400722792
GO:0046639,negative regulation of alpha-beta T cell differentiation,9,-0.77683582776944,-1.62170207705518,0.0219795875170794,0.849310069575246,0.781979726663771,361,"tags=33%, list=9%, signal=30%",865/969/861,0.352487857583619
GO:0051216,cartilage development,47,-0.574249023497194,-1.61854059071524,0.0164430106648802,0.831252914147785,0.765354079598791,524,"tags=23%, list=13%, signal=21%",860/7476/2121/1302/650/3232/651/538/653/659/861,0.352487857583619
GO:1903317,regulation of protein maturation,14,-0.712324426732034,-1.61737399341161,0.0342112808603067,0.907371794871795,0.835438520693764,5,"tags=7%, list=0%, signal=7%",861,0.321775918075361
GO:0051262,protein tetramerization,22,-0.656949080139192,-1.61659964535366,0.0175655925411585,0.849310069575246,0.781979726663771,691,"tags=41%, list=17%, signal=34%",359/6240/2193/1429/567/362/361/1491/226,0.352487857583619
GO:0007369,gastrulation,30,-0.618999098798045,-1.610581771741,0.0123811163808544,0.817186123995346,0.75240245555418,380,"tags=27%, list=9%, signal=24%",3693/1847/3909/4317/3688/2138/1295/659,0.380730400722792
GO:0044027,negative regulation of gene expression via chromosomal CpG island methylation,5,-0.921583911723974,-1.61000526570302,0.00802351461242441,0.796517654004232,0.73337250984508,22,"tags=20%, list=1%, signal=20%",672,0.380730400722792
GO:0032924,activin receptor signaling pathway,13,-0.732518001917665,-1.60897128963439,0.0229596492718946,0.86909070367611,0.800192221018354,8,"tags=8%, list=0%, signal=8%",659,0.352487857583619
GO:0043371,"negative regulation of CD4-positive, alpha-beta T cell differentiation",7,-0.852046420650764,-1.60836287755712,0.0139870732136912,0.817186123995346,0.75240245555418,361,"tags=43%, list=9%, signal=39%",865/969/861,0.380730400722792
GO:0014888,striated muscle adaptation,9,0.708563398223303,1.60800960303706,0.0322770209347649,0.907371794871795,0.835438520693764,884,"tags=67%, list=22%, signal=52%",816/2308/493/2660/4653/818,0.321775918075361
GO:0046189,phenol-containing compound biosynthetic process,15,-0.709981460714898,-1.60377510847861,0.0196201566002446,0.849310069575246,0.781979726663771,100,"tags=20%, list=2%, signal=20%",538/7306/1001,0.352487857583619
GO:0001704,formation of primary germ layer,24,-0.641091376718553,-1.60130746743391,0.0260835621634516,0.907371794871795,0.835438520693764,380,"tags=33%, list=9%, signal=30%",3693/1847/3909/4317/3688/2138/1295/659,0.352487857583619
GO:0060413,atrial septum morphogenesis,5,-0.915496559685448,-1.59937067376675,0.00964289796483975,0.801494772730314,0.737955059941231,8,"tags=20%, list=0%, signal=20%",659,0.380730400722792
GO:0050673,epithelial cell proliferation,98,-0.512446359206535,-1.59737489243231,0.0100846793064231,0.801494772730314,0.737955059941231,559,"tags=22%, list=14%, signal=20%",1028/2065/2152/7476/498/695/1535/567/1012/3915/3727/1051/572/1960/5617/1232/653/5578/350/4763/1001/659,0.380730400722792
GO:0009111,vitamin catabolic process,4,0.888092885375494,1.59734601558813,0.0200969441479389,0.849310069575246,0.781979726663771,457,"tags=100%, list=11%, signal=89%",1591/1576/1592/874,0.352487857583619
GO:0042363,fat-soluble vitamin catabolic process,4,0.888092885375494,1.59734601558813,0.0200969441479389,0.849310069575246,0.781979726663771,457,"tags=100%, list=11%, signal=89%",1591/1576/1592/874,0.352487857583619
GO:0010712,regulation of collagen metabolic process,8,-0.824023672592976,-1.59727274833053,0.014474831395524,0.817186123995346,0.75240245555418,129,"tags=25%, list=3%, signal=24%",3688/861,0.380730400722792
GO:0046825,regulation of protein export from nucleus,6,0.791490641973324,1.59677746694334,0.030815968588084,0.907371794871795,0.835438520693764,193,"tags=33%, list=5%, signal=32%",580/1029,0.352487857583619
GO:0022412,cellular process involved in reproduction in multicellular organism,37,-0.589691665284177,-1.59366069045363,0.0262684373783924,0.907371794871795,0.835438520693764,2,"tags=3%, list=0%, signal=3%",7283,0.352487857583619
GO:1905515,non-motile cilium assembly,9,-0.763151678718267,-1.59313540679392,0.0271036049275917,0.907371794871795,0.835438520693764,774,"tags=56%, list=19%, signal=45%",582/585/4134/5108/1183,0.352487857583619
GO:0003230,cardiac atrium development,7,-0.843552432870312,-1.59232922692801,0.0160204273690363,0.817186123995346,0.75240245555418,340,"tags=29%, list=8%, signal=26%",650/659,0.352487857583619
GO:0016322,neuron remodeling,7,0.774337504249964,1.59111933790502,0.0214876972029019,0.849310069575246,0.781979726663771,607,"tags=71%, list=15%, signal=61%",8578/351/577/718/1909,0.352487857583619
GO:0060155,platelet dense granule organization,6,0.788239360005212,1.59021823110396,0.0334385619675515,0.907371794871795,0.835438520693764,500,"tags=67%, list=12%, signal=59%",3257/162/1176/19,0.321775918075361
GO:0045744,negative regulation of G protein-coupled receptor signaling pathway,23,0.549977733025859,1.58657484660153,0.0268542955892063,0.907371794871795,0.835438520693764,892,"tags=48%, list=22%, signal=38%",408/636/351/333/1813/493/154/407/156/409/133,0.352487857583619
GO:0071356,cellular response to tumor necrosis factor,48,-0.558687615117415,-1.5830804467773,0.0154502839658565,0.817186123995346,0.75240245555418,498,"tags=25%, list=12%, signal=22%",2309/1535/3303/445/329/958/4317/1393/970/331/2150/672,0.380730400722792
GO:0002444,myeloid leukocyte mediated immunity,32,-0.593170253387089,-1.58151625746598,0.0309219390685401,0.907371794871795,0.835438520693764,663,"tags=41%, list=16%, signal=34%",2215/1776/5443/1636/695/5729/2205/566/8673/1773/1991/2150/2214,0.352487857583619
GO:0016540,protein autoprocessing,9,0.695934201044386,1.57934897733544,0.0425164847925118,0.907371794871795,0.835438520693764,356,"tags=44%, list=9%, signal=41%",824/745/834/1514,0.321775918075361
GO:2000515,"negative regulation of CD4-positive, alpha-beta T cell activation",8,-0.814582546794978,-1.57897223894923,0.0152864811825802,0.817186123995346,0.75240245555418,361,"tags=38%, list=9%, signal=34%",865/969/861,0.380730400722792
GO:0042551,neuron maturation,10,0.700149054760179,1.57847260939181,0.0169205781308014,0.840388713829801,0.773765624915534,607,"tags=60%, list=15%, signal=51%",8578/351/577/1203/718/1909,0.352487857583619
GO:0046637,regulation of alpha-beta T cell differentiation,18,-0.671563215444241,-1.57771237863655,0.0199726333079635,0.849310069575246,0.781979726663771,361,"tags=22%, list=9%, signal=20%",865/969/387/861,0.352487857583619
GO:0045906,negative regulation of vasoconstriction,5,-0.90283659657074,-1.577253743318,0.0128816789241127,0.817186123995346,0.75240245555418,180,"tags=60%, list=4%, signal=57%",4544/3688/659,0.380730400722792
GO:0010804,negative regulation of tumor necrosis factor-mediated signaling pathway,7,-0.835141715790792,-1.57645276198845,0.0189069187341286,0.849310069575246,0.781979726663771,110,"tags=29%, list=3%, signal=28%",331/2150,0.352487857583619
GO:0032743,positive regulation of interleukin-2 production,9,-0.754958235122935,-1.57603098907553,0.0300308115302001,0.907371794871795,0.835438520693764,5,"tags=11%, list=0%, signal=11%",861,0.352487857583619
GO:0060828,regulation of canonical Wnt signaling pathway,42,-0.573313795044852,-1.57578824418679,0.00976024794398013,0.801494772730314,0.737955059941231,782,"tags=31%, list=19%, signal=25%",5460/1277/857/2263/1654/406/650/2348/1649/331/1613/1001/267,0.380730400722792
GO:0045103,intermediate filament-based process,17,-0.672748379771508,-1.57561190020915,0.0394944707740916,0.907371794871795,0.835438520693764,674,"tags=47%, list=17%, signal=39%",1861/1674/3883/631/1832/3887/3860/3890,0.287857117255149
GO:0045104,intermediate filament cytoskeleton organization,17,-0.672748379771508,-1.57561190020915,0.0394944707740916,0.907371794871795,0.835438520693764,674,"tags=47%, list=17%, signal=39%",1861/1674/3883/631/1832/3887/3860/3890,0.287857117255149
GO:0030512,negative regulation of transforming growth factor beta receptor signaling pathway,13,-0.717284813469167,-1.57551168482051,0.0300826284287774,0.907371794871795,0.835438520693764,341,"tags=23%, list=8%, signal=21%",3303/650/1001,0.352487857583619
GO:0033081,regulation of T cell differentiation in thymus,7,0.76666557349893,1.57535494923723,0.0251023523491908,0.907208799197824,0.83528844674887,439,"tags=43%, list=11%, signal=38%",814/1029/101,0.352487857583619
GO:0060271,cilium assembly,28,-0.622553005879569,-1.57490100578295,0.0186332813712138,0.849310069575246,0.781979726663771,774,"tags=46%, list=19%, signal=38%",582/585/1767/403/4134/2622/3064/378/11158/5108/1641/1874/1183,0.352487857583619
GO:0061001,regulation of dendritic spine morphogenesis,9,0.69360373676573,1.57406023542609,0.0438520691561389,0.907371794871795,0.835438520693764,57,"tags=22%, list=1%, signal=22%",1020/816,0.321775918075361
GO:0051865,protein autoubiquitination,5,-0.900109825155025,-1.57249007906364,0.0143538555996685,0.817186123995346,0.75240245555418,22,"tags=40%, list=1%, signal=40%",672/267,0.380730400722792
GO:0035933,glucocorticoid secretion,6,-0.858205537235414,-1.57215422492834,0.0129395318509651,0.817186123995346,0.75240245555418,30,"tags=17%, list=1%, signal=17%",706,0.380730400722792
GO:0043455,regulation of secondary metabolic process,6,-0.858003379733074,-1.57178389083282,0.0129395318509651,0.817186123995346,0.75240245555418,100,"tags=50%, list=2%, signal=49%",538/7306/1001,0.380730400722792
GO:0048021,regulation of melanin biosynthetic process,6,-0.858003379733074,-1.57178389083282,0.0129395318509651,0.817186123995346,0.75240245555418,100,"tags=50%, list=2%, signal=49%",538/7306/1001,0.380730400722792
GO:1900376,regulation of secondary metabolite biosynthetic process,6,-0.858003379733074,-1.57178389083282,0.0129395318509651,0.817186123995346,0.75240245555418,100,"tags=50%, list=2%, signal=49%",538/7306/1001,0.380730400722792
GO:0002446,neutrophil mediated immunity,14,-0.691876725432468,-1.5709462997009,0.0472688030607427,0.907371794871795,0.835438520693764,585,"tags=50%, list=14%, signal=43%",1776/5443/1636/566/1773/1991/2150,0.321775918075361
GO:0033002,muscle cell proliferation,50,-0.556622707764564,-1.57045059873235,0.0104752054366025,0.801494772730314,0.737955059941231,441,"tags=16%, list=11%, signal=14%",1535/1012/650/1649/1991/5578/659/861,0.380730400722792
GO:0048023,positive regulation of melanin biosynthetic process,5,-0.898105884257716,-1.56898919829112,0.0155230088414067,0.817186123995346,0.75240245555418,100,"tags=60%, list=2%, signal=59%",538/7306/1001,0.380730400722792
GO:1900378,positive regulation of secondary metabolite biosynthetic process,5,-0.898105884257716,-1.56898919829112,0.0155230088414067,0.817186123995346,0.75240245555418,100,"tags=60%, list=2%, signal=59%",538/7306/1001,0.380730400722792
GO:0090128,regulation of synapse maturation,6,0.777241196972995,1.56803020009474,0.0386837569672087,0.907371794871795,0.835438520693764,444,"tags=67%, list=11%, signal=59%",816/8482/577/2252,0.321775918075361
GO:0050678,regulation of epithelial cell proliferation,79,-0.515274000198664,-1.56768390837305,0.0262277001253612,0.907371794871795,0.835438520693764,559,"tags=25%, list=14%, signal=22%",1028/2065/2152/7476/498/695/1535/567/1012/3915/3727/572/1960/5617/1232/653/5578/350/4763/1001,0.352487857583619
GO:0030177,positive regulation of Wnt signaling pathway,22,-0.636968751440964,-1.56743268057039,0.0259040144862261,0.907371794871795,0.835438520693764,782,"tags=45%, list=19%, signal=37%",5460/1277/2263/1654/527/406/650/331/1613/1001,0.352487857583619
GO:0070169,positive regulation of biomineral tissue development,22,-0.636235814623133,-1.56562909268879,0.0263881877069663,0.907371794871795,0.835438520693764,393,"tags=23%, list=10%, signal=21%",2824/650/1051/490/659,0.352487857583619
GO:0097401,synaptic vesicle lumen acidification,10,-0.746084582024044,-1.56445320604845,0.0402576489533011,0.907371794871795,0.835438520693764,211,"tags=30%, list=5%, signal=29%",1182/529/534,0.287857117255149
GO:0048799,animal organ maturation,9,-0.749277172681641,-1.56417135228794,0.0321568330221175,0.907371794871795,0.835438520693764,396,"tags=44%, list=10%, signal=40%",2688/650/10507/387,0.321775918075361
GO:0070977,bone maturation,9,-0.749277172681641,-1.56417135228794,0.0321568330221175,0.907371794871795,0.835438520693764,396,"tags=44%, list=10%, signal=40%",2688/650/10507/387,0.321775918075361
GO:0045932,negative regulation of muscle contraction,6,-0.853684390759832,-1.563871897182,0.0140466474337084,0.817186123995346,0.75240245555418,159,"tags=33%, list=4%, signal=32%",155/487,0.380730400722792
GO:0035988,chondrocyte proliferation,7,-0.828092564970815,-1.56314645352642,0.022370719639966,0.85583117973978,0.787983865937142,8,"tags=14%, list=0%, signal=14%",659,0.352487857583619
GO:1903232,melanosome assembly,5,0.818596001168613,1.56265875407422,0.0412620650411217,0.907371794871795,0.835438520693764,338,"tags=60%, list=8%, signal=55%",3257/162/1176,0.321775918075361
GO:0001945,lymph vessel development,8,-0.805713733837526,-1.56178109054156,0.0206975021824877,0.849310069575246,0.781979726663771,8,"tags=12%, list=0%, signal=12%",659,0.352487857583619
GO:0071560,cellular response to transforming growth factor beta stimulus,54,-0.546326537179386,-1.55981237502346,0.0153690735376523,0.817186123995346,0.75240245555418,646,"tags=30%, list=16%, signal=25%",1149/2263/1028/7476/2651/1385/3693/3303/650/2348/5678/2661/2662/2734/1387/1001,0.380730400722792
GO:0046638,positive regulation of alpha-beta T cell differentiation,13,-0.710009275044338,-1.55953100938108,0.0376663238047712,0.907371794871795,0.835438520693764,55,"tags=15%, list=1%, signal=15%",387/861,0.321775918075361
GO:0014047,glutamate secretion,9,0.686376156453135,1.55765800722955,0.0469424601139283,0.907371794871795,0.835438520693764,627,"tags=56%, list=15%, signal=47%",134/3776/552/2912/551,0.321775918075361
GO:0006582,melanin metabolic process,8,-0.802554186189155,-1.55565667989215,0.0215091575957098,0.849310069575246,0.781979726663771,100,"tags=38%, list=2%, signal=37%",538/7306/1001,0.352487857583619
GO:0042438,melanin biosynthetic process,8,-0.802554186189155,-1.55565667989215,0.0215091575957098,0.849310069575246,0.781979726663771,100,"tags=38%, list=2%, signal=37%",538/7306/1001,0.352487857583619
GO:0048745,smooth muscle tissue development,5,-0.890209583467106,-1.55519437647324,0.0184244280050658,0.849310069575246,0.781979726663771,41,"tags=20%, list=1%, signal=20%",4763,0.352487857583619
GO:0032964,collagen biosynthetic process,8,-0.801425166657336,-1.5534682086255,0.0220502614319253,0.849310069575246,0.781979726663771,5,"tags=12%, list=0%, signal=13%",861,0.352487857583619
GO:0070613,regulation of protein processing,12,-0.719032624019795,-1.55294182732634,0.0234847894140666,0.86909070367611,0.800192221018354,5,"tags=8%, list=0%, signal=8%",861,0.352487857583619
GO:0014048,regulation of glutamate secretion,7,0.75462650020218,1.55061689609144,0.0343398474621565,0.907371794871795,0.835438520693764,627,"tags=57%, list=15%, signal=48%",134/552/2912/551,0.321775918075361
GO:0051961,negative regulation of nervous system development,23,-0.629665897033776,-1.55008771839273,0.0430906389301634,0.907371794871795,0.835438520693764,658,"tags=43%, list=16%, signal=37%",5309/4168/7476/4099/567/5108/999/474/4763/706,0.266350657088526
GO:0098693,regulation of synaptic vesicle cycle,4,0.861563453357018,1.54962951742858,0.034878797265516,0.907371794871795,0.835438520693764,202,"tags=50%, list=5%, signal=48%",1902/396,0.321775918075361
GO:0006766,vitamin metabolic process,6,0.767628767985787,1.54863779139727,0.0439289596748499,0.907371794871795,0.835438520693764,457,"tags=83%, list=11%, signal=74%",1591/1593/1576/1592/874,0.321775918075361
GO:0003209,cardiac atrium morphogenesis,6,-0.844555845712734,-1.54714923572088,0.017865046388974,0.849310069575246,0.781979726663771,340,"tags=33%, list=8%, signal=31%",650/659,0.352487857583619
GO:0060412,ventricular septum morphogenesis,10,-0.737636089019854,-1.54673769190282,0.0434782608695652,0.907371794871795,0.835438520693764,8,"tags=10%, list=0%, signal=10%",659,0.276500599254472
GO:0016311,dephosphorylation,20,0.544711822628929,1.54661142237658,0.0479715368038109,0.907371794871795,0.835438520693764,453,"tags=35%, list=11%, signal=31%",134/5500/1846/1845/248/5533/1813,0.321775918075361
GO:1903055,positive regulation of extracellular matrix organization,6,-0.843905719962536,-1.54595826467658,0.017865046388974,0.849310069575246,0.781979726663771,340,"tags=33%, list=8%, signal=31%",650/861,0.352487857583619
GO:0045721,negative regulation of gluconeogenesis,7,0.752227821977627,1.54568805913398,0.0351431096959898,0.907371794871795,0.835438520693764,348,"tags=43%, list=9%, signal=39%",1196/4485/2033,0.321775918075361
GO:2000849,regulation of glucocorticoid secretion,5,-0.884732302190982,-1.54562557694873,0.0195849986220974,0.849310069575246,0.781979726663771,30,"tags=20%, list=1%, signal=20%",706,0.352487857583619
GO:0071276,cellular response to cadmium ion,6,0.765545302533599,1.54443454437099,0.0460889608391296,0.907371794871795,0.835438520693764,506,"tags=50%, list=12%, signal=44%",1536/4499/4502,0.321775918075361
GO:0090399,replicative senescence,5,0.808727931935895,1.54382110430522,0.0451916718879452,0.907371794871795,0.835438520693764,480,"tags=60%, list=12%, signal=53%",1111/1029/1026,0.321775918075361
GO:0071559,response to transforming growth factor beta,56,-0.530630514338155,-1.54363156792071,0.0440596083941333,0.907371794871795,0.835438520693764,646,"tags=29%, list=16%, signal=24%",1149/2263/1028/7476/2651/1385/3693/3303/650/2348/5678/2661/2662/2734/1387/1001,0.321775918075361
GO:0017158,regulation of calcium ion-dependent exocytosis,5,0.807721868398829,1.54190057941736,0.0451916718879452,0.907371794871795,0.835438520693764,12,"tags=20%, list=0%, signal=20%",1020,0.321775918075361
GO:0048009,insulin-like growth factor receptor signaling pathway,16,-0.657417938156109,-1.54091866282691,0.0382262996941896,0.907371794871795,0.835438520693764,396,"tags=31%, list=10%, signal=28%",2688/650/2885/653/1001,0.287857117255149
GO:0007020,microtubule nucleation,4,-0.934445835109257,-1.54045058437337,0.0071957126290618,0.796517654004232,0.73337250984508,2,"tags=25%, list=0%, signal=25%",7283,0.407017918923954
GO:0042362,fat-soluble vitamin biosynthetic process,3,0.91923931835021,1.53907799012482,0.0190308429565987,0.849310069575246,0.781979726663771,330,"tags=100%, list=8%, signal=92%",1591/1593/1576,0.352487857583619
GO:0042368,vitamin D biosynthetic process,3,0.91923931835021,1.53907799012482,0.0190308429565987,0.849310069575246,0.781979726663771,330,"tags=100%, list=8%, signal=92%",1591/1593/1576,0.352487857583619
GO:1902042,negative regulation of extrinsic apoptotic signaling pathway via death domain receptors,8,-0.793689810666997,-1.53847413292968,0.0244852305979288,0.900229711983588,0.828862637250485,94,"tags=25%, list=2%, signal=24%",653/672,0.352487857583619
GO:0060841,venous blood vessel development,4,-0.932460705372938,-1.5371780626846,0.00749710103553428,0.796517654004232,0.73337250984508,8,"tags=25%, list=0%, signal=25%",659,0.407017918923954
GO:0071216,cellular response to biotic stimulus,53,-0.539630923612025,-1.53657912392682,0.0447413539601313,0.907371794871795,0.835438520693764,444,"tags=28%, list=11%, signal=26%",695/1437/567/1053/445/1051/1649/923/958/949/4317/4986/5578/387/706,0.321775918075361
GO:0038061,non-canonical NF-kappaB signal transduction,23,-0.624076928040459,-1.53632900565978,0.0475482912332838,0.907371794871795,0.835438520693764,257,"tags=17%, list=6%, signal=16%",329/3430/387/267,0.252961123069611
GO:0043370,"regulation of CD4-positive, alpha-beta T cell differentiation",13,-0.699435004197824,-1.53630468844928,0.038109756097561,0.907371794871795,0.835438520693764,361,"tags=23%, list=9%, signal=21%",865/969/861,0.287857117255149
GO:0030968,endoplasmic reticulum unfolded protein response,16,-0.655255999054459,-1.53585130442934,0.0382262996941896,0.907371794871795,0.835438520693764,341,"tags=25%, list=8%, signal=23%",3303/1649/1491/267,0.287857117255149
GO:0090263,positive regulation of canonical Wnt signaling pathway,17,-0.655515104966562,-1.53525066905841,0.042654028436019,0.907371794871795,0.835438520693764,782,"tags=47%, list=19%, signal=38%",5460/1277/2263/1654/406/331/1613/1001,0.276500599254472
GO:0010721,negative regulation of cell development,55,-0.535172687723856,-1.53476343545858,0.0178120293644903,0.849310069575246,0.781979726663771,658,"tags=27%, list=16%, signal=23%",5309/4168/325/1903/7476/4099/567/865/5108/969/999/474/4763/706/861,0.352487857583619
GO:0042754,negative regulation of circadian rhythm,5,0.802983371487784,1.53285502621574,0.04597759436959,0.907371794871795,0.835438520693764,453,"tags=40%, list=11%, signal=36%",134/1813,0.321775918075361
GO:0015698,inorganic anion transport,36,-0.563356555357419,-1.53275040028219,0.0366492146596859,0.907371794871795,0.835438520693764,572,"tags=28%, list=14%, signal=24%",1181/363/2542/2556/1051/1188/1182/706/1184/1183,0.271288554688953
GO:0070231,T cell apoptotic process,10,0.679744862149895,1.53247174867063,0.0231891423854301,0.86909070367611,0.800192221018354,551,"tags=40%, list=14%, signal=35%",2737/3958/101/384,0.352487857583619
GO:0070942,neutrophil mediated cytotoxicity,10,-0.73023060203776,-1.53120924093275,0.0499194847020934,0.907371794871795,0.835438520693764,585,"tags=60%, list=14%, signal=51%",1776/5443/566/1773/1991/2150,0.257206466468838
GO:0019320,hexose catabolic process,14,-0.673413088871219,-1.52902354024287,0.0440944881889764,0.907371794871795,0.835438520693764,300,"tags=14%, list=7%, signal=13%",2523/226,0.271288554688953
GO:0046365,monosaccharide catabolic process,14,-0.673413088871219,-1.52902354024287,0.0440944881889764,0.907371794871795,0.835438520693764,300,"tags=14%, list=7%, signal=13%",2523/226,0.271288554688953
GO:0042559,pteridine-containing compound biosynthetic process,6,-0.834401373792989,-1.52854716985451,0.0216834619522391,0.849310069575246,0.781979726663771,421,"tags=67%, list=10%, signal=60%",2356/471/2348/6697,0.352487857583619
GO:0032965,regulation of collagen biosynthetic process,5,-0.87317103187189,-1.52542806063453,0.0262582990205374,0.907371794871795,0.835438520693764,5,"tags=20%, list=0%, signal=20%",861,0.352487857583619
GO:0070167,regulation of biomineral tissue development,29,-0.582036834909613,-1.52483995175914,0.0383522727272727,0.907371794871795,0.835438520693764,422,"tags=21%, list=10%, signal=19%",1230/2824/650/1051/490/659,0.276500599254472
GO:0035270,endocrine system development,34,-0.579171027123816,-1.5237477443326,0.0343878954607978,0.907371794871795,0.835438520693764,340,"tags=21%, list=8%, signal=19%",650/999/3232/572/653/4763/706,0.287857117255149
GO:0036303,lymph vessel morphogenesis,7,-0.806992822767277,-1.52331758826309,0.0332805228541457,0.907371794871795,0.835438520693764,8,"tags=14%, list=0%, signal=14%",659,0.321775918075361
GO:0061298,retina vasculature development in camera-type eye,6,-0.830403883706656,-1.52122413282472,0.0252291418268326,0.907208799197824,0.83528844674887,8,"tags=17%, list=0%, signal=17%",659,0.352487857583619
GO:0050679,positive regulation of epithelial cell proliferation,49,-0.544018576665527,-1.51960290048165,0.0281480305552355,0.907371794871795,0.835438520693764,627,"tags=29%, list=15%, signal=24%",2263/2065/2152/7476/695/1535/1012/3915/572/1960/1232/653/5578/1001,0.352487857583619
GO:0071222,cellular response to lipopolysaccharide,48,-0.535655188974004,-1.51781645580479,0.0409511228533686,0.907371794871795,0.835438520693764,403,"tags=27%, list=10%, signal=25%",1437/567/1053/445/1051/923/958/949/4317/4986/5578/387/706,0.257206466468838
GO:0090101,negative regulation of transmembrane receptor protein serine/threonine kinase signaling pathway,17,-0.648030097349986,-1.51772038964274,0.0458135860979463,0.907371794871795,0.835438520693764,695,"tags=29%, list=17%, signal=24%",857/1149/3303/650/1001,0.266350657088526
GO:0045581,negative regulation of T cell differentiation,16,-0.647424658470339,-1.51749546385878,0.0397553516819572,0.907371794871795,0.835438520693764,361,"tags=19%, list=9%, signal=17%",865/969/861,0.282013350011725
GO:0006820,monoatomic anion transport,34,-0.576151629262816,-1.51580397562788,0.0343878954607978,0.907371794871795,0.835438520693764,857,"tags=41%, list=21%, signal=33%",5243/1207/1193/6573/1181/363/7416/2556/1188/1182/760/706/1184/1183,0.287857117255149
GO:0010324,membrane invagination,16,-0.646600133043517,-1.51556286277745,0.0397553516819572,0.907371794871795,0.835438520693764,77,"tags=19%, list=2%, signal=18%",2150/387/575,0.282013350011725
GO:0097494,regulation of vesicle size,3,-0.961277310671143,-1.51527046147022,0.00760810083866976,0.796517654004232,0.73337250984508,11,"tags=33%, list=0%, signal=33%",1173,0.407017918923954
GO:0090287,regulation of cellular response to growth factor stimulus,45,-0.543346826469557,-1.51337887718582,0.0463215258855586,0.907371794871795,0.835438520693764,341,"tags=18%, list=8%, signal=16%",3303/650/2348/2734/3688/331/1387/1001,0.245041785430996
GO:0002934,desmosome organization,7,-0.80126247736294,-1.51250071889948,0.0372627158598538,0.907371794871795,0.835438520693764,330,"tags=43%, list=8%, signal=39%",1832/999/5578,0.321775918075361
GO:0002082,regulation of oxidative phosphorylation,6,-0.82541057850348,-1.51207685337834,0.028758913975794,0.907371794871795,0.835438520693764,100,"tags=33%, list=2%, signal=33%",538/387,0.352487857583619
GO:0051258,protein polymerization,49,-0.541128206835466,-1.51152925269531,0.0328947368421053,0.907371794871795,0.835438520693764,569,"tags=20%, list=14%, signal=18%",844/2314/6708/4134/1236/3303/4733/1729/395/7283,0.287857117255149
GO:0030501,positive regulation of bone mineralization,19,-0.634301963438789,-1.51066689523221,0.0425844346549192,0.907371794871795,0.835438520693764,393,"tags=21%, list=10%, signal=19%",2824/650/490/659,0.266350657088526
GO:0097061,dendritic spine organization,24,0.523139626335957,1.51011064376491,0.0334938611104397,0.907371794871795,0.835438520693764,373,"tags=25%, list=9%, signal=23%",1020/816/4739/3480/351/1855,0.321775918075361
GO:2000514,"regulation of CD4-positive, alpha-beta T cell activation",16,-0.644157005182539,-1.50983642743373,0.0412844036697248,0.907371794871795,0.835438520693764,930,"tags=44%, list=23%, signal=34%",941/864/3726/975/865/969/861,0.276500599254472
GO:0010714,positive regulation of collagen metabolic process,3,-0.957653895424569,-1.50955883795449,0.00864218108822901,0.796517654004232,0.73337250984508,5,"tags=33%, list=0%, signal=33%",861,0.380730400722792
GO:0032967,positive regulation of collagen biosynthetic process,3,-0.957653895424569,-1.50955883795449,0.00864218108822901,0.796517654004232,0.73337250984508,5,"tags=33%, list=0%, signal=33%",861,0.380730400722792
GO:0006007,glucose catabolic process,6,-0.823943684998927,-1.50938963834576,0.0298339828301782,0.907371794871795,0.835438520693764,17,"tags=17%, list=0%, signal=17%",226,0.352487857583619
GO:0043032,positive regulation of macrophage activation,6,-0.821127390965259,-1.50423044468926,0.0314465880453274,0.907371794871795,0.835438520693764,280,"tags=50%, list=7%, signal=47%",3727/4317/1050,0.321775918075361
GO:0021954,central nervous system neuron development,13,-0.684609459910308,-1.50374047152988,0.0457317073170732,0.907371794871795,0.835438520693764,172,"tags=31%, list=4%, signal=30%",1620/538/5578/1812,0.261663521711573
GO:1905651,regulation of artery morphogenesis,2,0.984904396443992,1.50310072118657,0.0056448331858389,0.774463702691882,0.713066918946208,22,"tags=50%, list=1%, signal=50%",4775,0.407017918923954
GO:0070424,"regulation of nucleotide-binding domain, leucine rich repeat containing receptor signaling pathway",5,-0.860311762037004,-1.50296294174098,0.0357399711849935,0.907371794871795,0.835438520693764,341,"tags=60%, list=8%, signal=55%",3303/329/331,0.321775918075361
GO:0036037,"CD8-positive, alpha-beta T cell activation",9,-0.71935537313081,-1.50170738918761,0.0480769230769231,0.907371794871795,0.835438520693764,5,"tags=11%, list=0%, signal=11%",861,0.261663521711573
GO:2000846,regulation of corticosteroid hormone secretion,9,-0.718451222887821,-1.49981990888017,0.0480769230769231,0.907371794871795,0.835438520693764,30,"tags=11%, list=1%, signal=11%",706,0.261663521711573
GO:0015740,C4-dicarboxylate transport,2,0.982198315893193,1.49897086691627,0.00718868563088907,0.796517654004232,0.73337250984508,20,"tags=50%, list=0%, signal=50%",18,0.407017918923954
GO:0003197,endocardial cushion development,14,-0.659472213492245,-1.49736997279919,0.047244094488189,0.907371794871795,0.835438520693764,340,"tags=21%, list=8%, signal=20%",650/653/659,0.261663521711573
GO:0006821,chloride transport,29,-0.571393564241476,-1.4969563482503,0.046875,0.907371794871795,0.835438520693764,313,"tags=21%, list=8%, signal=19%",2556/1188/1182/706/1184/1183,0.248911114434702
GO:0048663,neuron fate commitment,6,-0.817015406134658,-1.4966976637367,0.033596731421874,0.907371794871795,0.835438520693764,274,"tags=33%, list=7%, signal=31%",5457/474,0.321775918075361
GO:0043299,leukocyte degranulation,19,-0.628352314551846,-1.49649708632443,0.0440528634361234,0.907371794871795,0.835438520693764,444,"tags=32%, list=11%, signal=28%",695/5729/2205/8673/2150/2214,0.261663521711573
GO:0003281,ventricular septum development,13,-0.681047681362796,-1.49591704683864,0.0487804878048781,0.907371794871795,0.835438520693764,8,"tags=8%, list=0%, signal=8%",659,0.252961123069611
GO:0034612,response to tumor necrosis factor,50,-0.529936128867941,-1.49515731079835,0.0344827586206897,0.907371794871795,0.835438520693764,498,"tags=24%, list=12%, signal=21%",2309/1535/3303/445/329/958/4317/1393/970/331/2150/672,0.282013350011725
GO:0030859,polarized epithelial cell differentiation,4,-0.906407101473,-1.49422823312279,0.0159506558239399,0.817186123995346,0.75240245555418,55,"tags=25%, list=1%, signal=25%",387,0.352487857583619
GO:0090162,establishment of epithelial cell polarity,4,-0.906407101473,-1.49422823312279,0.0159506558239399,0.817186123995346,0.75240245555418,55,"tags=25%, list=1%, signal=25%",387,0.352487857583619
GO:0030509,BMP signaling pathway,33,-0.559724608057524,-1.49264029717552,0.0364656381486676,0.907371794871795,0.835438520693764,782,"tags=30%, list=19%, signal=25%",5460/857/655/860/1749/650/1655/331/653/659,0.282013350011725
GO:0061448,connective tissue development,60,-0.512847767320215,-1.49168170036197,0.0315258511979823,0.907371794871795,0.835438520693764,524,"tags=18%, list=13%, signal=16%",860/7476/2121/1302/650/3232/651/538/653/659/861,0.287857117255149
GO:0071219,cellular response to molecule of bacterial origin,49,-0.533209150488228,-1.48940901358858,0.0407894736842105,0.907371794871795,0.835438520693764,403,"tags=27%, list=10%, signal=24%",1437/567/1053/445/1051/923/958/949/4317/4986/5578/387/706,0.257206466468838
GO:0001936,regulation of endothelial cell proliferation,35,-0.561086599224529,-1.48917210261692,0.0494505494505495,0.907371794871795,0.835438520693764,513,"tags=29%, list=13%, signal=25%",2152/498/1535/1012/1960/5617/1232/5578/350/4763,0.237793834423688
GO:0043506,regulation of JUN kinase activity,2,0.975683006501763,1.48902760107202,0.010934955595422,0.804074267289344,0.74033006115982,49,"tags=50%, list=1%, signal=49%",4216,0.380730400722792
GO:1903428,positive regulation of reactive oxygen species biosynthetic process,5,-0.849862335962623,-1.4847078151168,0.0431034482758621,0.907371794871795,0.835438520693764,498,"tags=60%, list=12%, signal=53%",2309/1535/575,0.287857117255149
GO:0006991,response to sterol depletion,3,-0.941239699432703,-1.48368498650792,0.0148467044137888,0.817186123995346,0.75240245555418,9,"tags=33%, list=0%, signal=33%",267,0.380730400722792
GO:0001946,lymphangiogenesis,6,-0.809813921604269,-1.48350520127989,0.0453808752025932,0.907371794871795,0.835438520693764,8,"tags=17%, list=0%, signal=17%",659,0.271288554688953
GO:0035589,G protein-coupled purinergic nucleotide receptor signaling pathway,2,0.971111111111111,1.48205025455627,0.0154990128820887,0.817186123995346,0.75240245555418,119,"tags=100%, list=3%, signal=97%",134/5028,0.380730400722792
GO:0030111,regulation of Wnt signaling pathway,49,-0.528434994034113,-1.47607339913311,0.0447368421052632,0.907371794871795,0.835438520693764,782,"tags=31%, list=19%, signal=25%",5460/1277/857/2263/1654/527/406/4776/650/2348/1649/331/1613/1001/267,0.245041785430996
GO:0043335,protein unfolding,3,-0.936222411868176,-1.47577618895405,0.0190704733944585,0.849310069575246,0.781979726663771,9,"tags=33%, list=0%, signal=33%",267,0.352487857583619
GO:0060070,canonical Wnt signaling pathway,55,-0.514373012497292,-1.47511431333519,0.0350649350649351,0.907371794871795,0.835438520693764,782,"tags=27%, list=19%, signal=22%",5460/1277/6259/857/2263/1654/406/7476/650/2348/1649/331/1613/1001/267,0.276500599254472
GO:0051608,histamine transport,6,-0.804177449978388,-1.47317969964206,0.047001620745543,0.907371794871795,0.835438520693764,444,"tags=50%, list=11%, signal=45%",695/1437/8673,0.266350657088526
GO:0048147,negative regulation of fibroblast proliferation,4,-0.892814530622418,-1.47182063824334,0.0218039653348806,0.849310069575246,0.781979726663771,41,"tags=25%, list=1%, signal=25%",4763,0.352487857583619
GO:0048598,embryonic morphogenesis,78,-0.481591341848072,-1.46891742430175,0.0354879594423321,0.907371794871795,0.835438520693764,381,"tags=17%, list=9%, signal=15%",4621/3693/3232/1847/2348/3909/4317/3688/2138/653/1387/1295/659,0.271288554688953
GO:0072017,distal tubule development,2,0.961728395061728,1.46773092842529,0.0234251350430088,0.86909070367611,0.800192221018354,157,"tags=100%, list=4%, signal=96%",793/182,0.352487857583619
GO:2001185,"regulation of CD8-positive, alpha-beta T cell activation",6,-0.800998998782418,-1.46735706711446,0.047001620745543,0.907371794871795,0.835438520693764,361,"tags=33%, list=9%, signal=30%",865/861,0.266350657088526
GO:0002063,chondrocyte development,3,-0.930812644672111,-1.46724872206741,0.02139964874185,0.849310069575246,0.781979726663771,8,"tags=33%, list=0%, signal=33%",659,0.352487857583619
GO:0035872,"nucleotide-binding domain, leucine rich repeat containing receptor signaling pathway",6,-0.799379022445118,-1.46438941830253,0.047001620745543,0.907371794871795,0.835438520693764,341,"tags=50%, list=8%, signal=46%",3303/329/331,0.266350657088526
GO:0003174,mitral valve development,4,-0.887100780924293,-1.46240142020978,0.025315964371822,0.907208799197824,0.83528844674887,8,"tags=25%, list=0%, signal=25%",659,0.352487857583619
GO:0003183,mitral valve morphogenesis,4,-0.887100780924293,-1.46240142020978,0.025315964371822,0.907208799197824,0.83528844674887,8,"tags=25%, list=0%, signal=25%",659,0.352487857583619
GO:0070141,response to UV-A,6,-0.798022135441087,-1.46190372513978,0.0486223662884927,0.907371794871795,0.835438520693764,230,"tags=33%, list=6%, signal=31%",611/4312,0.261663521711573
GO:0072531,pyrimidine-containing compound transmembrane transport,3,-0.92736238577288,-1.46181004652977,0.0234376804570121,0.86909070367611,0.800192221018354,35,"tags=33%, list=1%, signal=33%",2030,0.352487857583619
GO:0000212,meiotic spindle organization,2,-0.987961017308838,-1.45817941107312,0.0039553264156992,0.689548653855917,0.634883639297119,2,"tags=50%, list=0%, signal=50%",7283,0.407017918923954
GO:0035036,sperm-egg recognition,2,-0.985467654288048,-1.45449933609289,0.00575840036982962,0.774463702691882,0.713066918946208,17,"tags=50%, list=0%, signal=50%",226,0.407017918923954
GO:0033623,regulation of integrin activation,2,-0.980441500962621,-1.44708099349877,0.0107313279394358,0.804074267289344,0.74033006115982,40,"tags=50%, list=1%, signal=50%",1015,0.380730400722792
GO:0030836,positive regulation of actin filament depolymerization,4,-0.875507838668495,-1.44329024864524,0.0469565217391304,0.907371794871795,0.835438520693764,77,"tags=50%, list=2%, signal=49%",2150/1073,0.276500599254472
GO:1901881,positive regulation of protein depolymerization,4,-0.875507838668495,-1.44329024864524,0.0469565217391304,0.907371794871795,0.835438520693764,77,"tags=50%, list=2%, signal=49%",2150/1073,0.276500599254472
GO:0007100,mitotic centrosome separation,2,0.942861403421629,1.43893728221633,0.0446901198347468,0.907371794871795,0.835438520693764,34,"tags=50%, list=1%, signal=50%",1111,0.321775918075361
GO:0051299,centrosome separation,2,0.942861403421629,1.43893728221633,0.0446901198347468,0.907371794871795,0.835438520693764,34,"tags=50%, list=1%, signal=50%",1111,0.321775918075361
GO:0016055,Wnt signaling pathway,79,-0.472954249461087,-1.43892912506925,0.0448318804483188,0.907371794871795,0.835438520693764,815,"tags=28%, list=20%, signal=23%",2011/5460/1277/6259/857/2263/1500/1654/527/406/7476/1460/5563/4776/650/2348/1649/331/387/1613/1001/267,0.237793834423688
GO:0099159,regulation of modification of postsynaptic structure,2,-0.968973800143609,-1.43015525965536,0.0266274194622418,0.907371794871795,0.835438520693764,55,"tags=50%, list=1%, signal=49%",387,0.352487857583619
GO:0071492,cellular response to UV-A,3,-0.906945732132469,-1.42962708346599,0.0410278996768883,0.907371794871795,0.835438520693764,230,"tags=67%, list=6%, signal=63%",611/4312,0.321775918075361
GO:0070601,centromeric sister chromatid cohesion,3,-0.904173870091381,-1.42525777127324,0.0427493225189099,0.907371794871795,0.835438520693764,392,"tags=100%, list=10%, signal=90%",701/699/984,0.321775918075361
GO:0032933,SREBP signaling pathway,2,-0.964700140513665,-1.4238475588725,0.0320872512171155,0.907371794871795,0.835438520693764,9,"tags=50%, list=0%, signal=50%",267,0.321775918075361
GO:0071501,cellular response to sterol depletion,2,-0.964700140513665,-1.4238475588725,0.0320872512171155,0.907371794871795,0.835438520693764,9,"tags=50%, list=0%, signal=50%",267,0.321775918075361
GO:0060253,negative regulation of glial cell proliferation,3,-0.902372573981837,-1.42241837128236,0.0427493225189099,0.907371794871795,0.835438520693764,30,"tags=33%, list=1%, signal=33%",706,0.321775918075361
GO:0032496,response to lipopolysaccharide,87,-0.469824599426656,-1.42220701362778,0.0460772104607721,0.907371794871795,0.835438520693764,713,"tags=28%, list=18%, signal=23%",1734/1269/2263/496/1728/842/695/1236/1437/1869/567/1053/445/3727/1051/923/958/949/4317/4986/331/5578/387/706,0.234392647294686
GO:0051177,meiotic sister chromatid cohesion,3,-0.900693782115308,-1.41977207588136,0.0432525951557093,0.907371794871795,0.835438520693764,392,"tags=67%, list=10%, signal=60%",701/699,0.287857117255149
GO:0001503,ossification,102,-0.460094663872681,-1.41859682756812,0.0406698564593301,0.907371794871795,0.835438520693764,422,"tags=17%, list=10%, signal=15%",1230/2824/1749/650/6272/3295/1655/10507/3381/2662/651/653/387/490/4763/659/861,0.245041785430996
GO:0046599,regulation of centriole replication,2,-0.959842755590513,-1.41667830971944,0.0416831912923434,0.907371794871795,0.835438520693764,22,"tags=50%, list=1%, signal=50%",672,0.321775918075361
GO:0045986,negative regulation of smooth muscle contraction,3,-0.896703030223903,-1.41348141615917,0.0467128027681661,0.907371794871795,0.835438520693764,159,"tags=33%, list=4%, signal=32%",155,0.276500599254472
GO:0090324,negative regulation of oxidative phosphorylation,2,-0.95724864702921,-1.41284953952718,0.0458814292166226,0.907371794871795,0.835438520693764,55,"tags=50%, list=1%, signal=49%",387,0.321775918075361
GO:1901856,negative regulation of cellular respiration,2,-0.95724864702921,-1.41284953952718,0.0458814292166226,0.907371794871795,0.835438520693764,55,"tags=50%, list=1%, signal=49%",387,0.321775918075361
GO:0030198,extracellular matrix organization,85,-0.46166467840035,-1.40655912118943,0.0449574726609964,0.907371794871795,0.835438520693764,452,"tags=19%, list=11%, signal=17%",1306/1302/2824/650/3915/7837/3381/4317/1298/3688/538/1991/4763/4312/1295/861,0.234392647294686
GO:0043062,extracellular structure organization,85,-0.46166467840035,-1.40655912118943,0.0449574726609964,0.907371794871795,0.835438520693764,452,"tags=19%, list=11%, signal=17%",1306/1302/2824/650/3915/7837/3381/4317/1298/3688/538/1991/4763/4312/1295/861,0.234392647294686
GO:0045229,external encapsulating structure organization,85,-0.46166467840035,-1.40655912118943,0.0449574726609964,0.907371794871795,0.835438520693764,452,"tags=19%, list=11%, signal=17%",1306/1302/2824/650/3915/7837/3381/4317/1298/3688/538/1991/4763/4312/1295/861,0.234392647294686
GO:0001819,positive regulation of cytokine production,117,-0.446639801645053,-1.40315397036916,0.0447585394581861,0.907371794871795,0.835438520693764,630,"tags=23%, list=16%, signal=20%",116/972/1654/975/3578/2152/695/1535/1191/1236/1437/567/1385/661/7294/3303/1051/1649/923/4317/566/331/1991/2150/2214/672/861,0.231126709673834
GO:0001501,skeletal system development,113,-0.438524209263042,-1.4015039241049,0.0387779083431257,0.907371794871795,0.835438520693764,524,"tags=16%, list=13%, signal=14%",860/7476/2121/1302/2688/1749/650/3232/10507/2019/2662/1298/651/538/653/387/659/861,0.248911114434702
GO:0048841,regulation of axon extension involved in axon guidance,2,-0.939427295153486,-1.38654614503348,0.0452079566003617,0.907371794871795,0.835438520693764,8,"tags=50%, list=0%, signal=50%",659,0.287857117255149
GO:0046596,regulation of viral entry into host cell,1,0.989632189582819,1.3675289662142,0.0210650492502182,0.849310069575246,0.781979726663771,43,"tags=100%, list=1%, signal=99%",682,0.352487857583619
GO:0046598,positive regulation of viral entry into host cell,1,0.989632189582819,1.3675289662142,0.0210650492502182,0.849310069575246,0.781979726663771,43,"tags=100%, list=1%, signal=99%",682,0.352487857583619
GO:0075294,positive regulation by symbiont of entry into host,1,0.989632189582819,1.3675289662142,0.0210650492502182,0.849310069575246,0.781979726663771,43,"tags=100%, list=1%, signal=99%",682,0.352487857583619
GO:1904464,regulation of matrix metallopeptidase secretion,1,0.989632189582819,1.3675289662142,0.0210650492502182,0.849310069575246,0.781979726663771,43,"tags=100%, list=1%, signal=99%",682,0.352487857583619
GO:1990773,matrix metallopeptidase secretion,1,0.989632189582819,1.3675289662142,0.0210650492502182,0.849310069575246,0.781979726663771,43,"tags=100%, list=1%, signal=99%",682,0.352487857583619
GO:0032331,negative regulation of chondrocyte differentiation,1,0.982720315971365,1.3579777536789,0.0348736532384302,0.907371794871795,0.835438520693764,71,"tags=100%, list=2%, signal=98%",579,0.321775918075361
GO:0097709,connective tissue replacement,1,-0.999259442113059,-1.33053457451428,0.00330658735558508,0.689548653855917,0.634883639297119,5,"tags=100%, list=0%, signal=100%",861,0.431707695803346
GO:1905203,regulation of connective tissue replacement,1,-0.999259442113059,-1.33053457451428,0.00330658735558508,0.689548653855917,0.634883639297119,5,"tags=100%, list=0%, signal=100%",861,0.431707695803346
GO:0046835,carbohydrate phosphorylation,1,-0.999012589484078,-1.33020588514311,0.00360050107567865,0.689548653855917,0.634883639297119,6,"tags=100%, list=0%, signal=100%",3795,0.431707695803346
GO:0044314,protein K27-linked ubiquitination,1,-0.998272031597137,-1.32921981702958,0.00438427261370771,0.689548653855917,0.634883639297119,9,"tags=100%, list=0%, signal=100%",267,0.407017918923954
GO:1904380,endoplasmic reticulum mannose trimming,1,-0.998272031597137,-1.32921981702958,0.00438427261370771,0.689548653855917,0.634883639297119,9,"tags=100%, list=0%, signal=100%",267,0.407017918923954
GO:0051797,regulation of hair follicle development,1,-0.997037768452234,-1.32757637017371,0.00694297997695133,0.796517654004232,0.73337250984508,14,"tags=100%, list=0%, signal=100%",1001,0.407017918923954
GO:0007339,binding of sperm to zona pellucida,1,-0.996297210565293,-1.32659030206019,0.00837635120659281,0.796517654004232,0.73337250984508,17,"tags=100%, list=0%, signal=100%",226,0.380730400722792
GO:0006301,DNA damage tolerance,1,-0.99506294742039,-1.32494685520432,0.0103289481750063,0.801494772730314,0.737955059941231,22,"tags=100%, list=1%, signal=99%",672,0.380730400722792
GO:0018193,peptidyl-amino acid modification,84,0.352668370754097,1.32061824438549,0.0370162594896693,0.907371794871795,0.835438520693764,702,"tags=29%, list=17%, signal=24%",1111/1389/4739/8535/5894/825/1029/1647/780/3480/2033/1489/5618/2252/673/4015/3093/1958/1457/640/1386/2597/3055/983,0.321775918075361
GO:0033625,positive regulation of integrin activation,1,-0.990619600098741,-1.31903044652317,0.020008844534938,0.849310069575246,0.781979726663771,40,"tags=100%, list=1%, signal=99%",1015,0.352487857583619
GO:0010562,positive regulation of phosphorus metabolic process,78,0.359093002854209,1.31089793940794,0.0302663862339687,0.907371794871795,0.835438520693764,483,"tags=23%, list=12%, signal=21%",134/824/4216/344/1389/4739/5028/5894/408/351/1489/5618/283/718/2252/673/1026/3093,0.352487857583619
GO:0045937,positive regulation of phosphate metabolic process,78,0.359093002854209,1.31089793940794,0.0302663862339687,0.907371794871795,0.835438520693764,483,"tags=23%, list=12%, signal=21%",134/824/4216/344/1389/4739/5028/5894/408/351/1489/5618/283/718/2252/673/1026/3093,0.352487857583619
GO:0051152,positive regulation of smooth muscle cell differentiation,1,-0.982473463342385,-1.30818369727442,0.0373770510624924,0.907371794871795,0.835438520693764,73,"tags=100%, list=2%, signal=98%",1491,0.321775918075361
GO:1905065,positive regulation of vascular associated smooth muscle cell differentiation,1,-0.982473463342385,-1.30818369727442,0.0373770510624924,0.907371794871795,0.835438520693764,73,"tags=100%, list=2%, signal=98%",1491,0.321775918075361
GO:1903236,regulation of leukocyte tethering or rolling,1,-0.981239200197482,-1.30654025041854,0.038062849447442,0.907371794871795,0.835438520693764,78,"tags=100%, list=2%, signal=98%",1991,0.321775918075361
GO:1903238,positive regulation of leukocyte tethering or rolling,1,-0.981239200197482,-1.30654025041854,0.038062849447442,0.907371794871795,0.835438520693764,78,"tags=100%, list=2%, signal=98%",1991,0.321775918075361
GO:0021680,cerebellar Purkinje cell layer development,1,-0.975808442359911,-1.29930908425271,0.0476640553745655,0.907371794871795,0.835438520693764,100,"tags=100%, list=2%, signal=98%",538,0.321775918075361
GO:0021692,cerebellar Purkinje cell layer morphogenesis,1,-0.975808442359911,-1.29930908425271,0.0476640553745655,0.907371794871795,0.835438520693764,100,"tags=100%, list=2%, signal=98%",538,0.321775918075361
,,,,,,,,,,,
,,,,,,,,,,,
,,,,,,,,,,,
,,,,,,,,,,,
,,,,,,,,,,,
,,,,,,,,,,,
,,,,,,,,,,,
,,,,,,,,,,,
,,,,,,,,,,,
,,,,,,,,,,,
,,,,,,,,,,,
,,,,,,,,,,,
,,,,,,,,,,,
,,,,,,,,,,,
,,,,,,,,,,,
,,,,,,,,,,,
,,,,,,,,,,,
,,,,,,,,,,,
,,,,,,,,,,,
,,,,,,,,,,,
,,,,,,,,,,,
,,,,,,,,,,,
,,,,,,,,,,,
,,,,,,,,,,,
,,,,,,,,,,,
,,,,,,,,,,,
,,,,,,,,,,,
,,,,,,,,,,,
,,,,,,,,,,,
,,,,,,,,,,,
,,,,,,,,,,,
,,,,,,,,,,,
,,,,,,,,,,,
,,,,,,,,,,,
,,,,,,,,,,,
,,,,,,,,,,,
,,,,,,,,,,,
,,,,,,,,,,,
,,,,,,,,,,,
,,,,,,,,,,,
,,,,,,,,,,,
,,,,,,,,,,,
,,,,,,,,,,,
,,,,,,,,,,,
,,,,,,,,,,,
,,,,,,,,,,,
,,,,,,,,,,,
,,,,,,,,,,,
,,,,,,,,,,,
,,,,,,,,,,,
,,,,,,,,,,,
,,,,,,,,,,,
,,,,,,,,,,,
,,,,,,,,,,,
,,,,,,,,,,,
,,,,,,,,,,,
,,,,,,,,,,,
,,,,,,,,,,,
,,,,,,,,,,,
,,,,,,,,,,,
,,,,,,,,,,,
,,,,,,,,,,,
,,,,,,,,,,,
,,,,,,,,,,,
,,,,,,,,,,,
,,,,,,,,,,,
,,,,,,,,,,,
,,,,,,,,,,,
,,,,,,,,,,,
,,,,,,,,,,,
,,,,,,,,,,,
,,,,,,,,,,,
,,,,,,,,,,,
,,,,,,,,,,,
,,,,,,,,,,,
,,,,,,,,,,,
,,,,,,,,,,,
,,,,,,,,,,,
,,,,,,,,,,,
,,,,,,,,,,,
,,,,,,,,,,,
,,,,,,,,,,,
,,,,,,,,,,,
,,,,,,,,,,,
,,,,,,,,,,,
,,,,,,,,,,,
,,,,,,,,,,,
,,,,,,,,,,,
,,,,,,,,,,,
,,,,,,,,,,,
,,,,,,,,,,,
,,,,,,,,,,,
,,,,,,,,,,,
,,,,,,,,,,,
,,,,,,,,,,,
,,,,,,,,,,,
,,,,,,,,,,,
,,,,,,,,,,,
,,,,,,,,,,,
,,,,,,,,,,,
,,,,,,,,,,,
,,,,,,,,,,,
,,,,,,,,,,,
,,,,,,,,,,,
,,,,,,,,,,,
,,,,,,,,,,,
,,,,,,,,,,,
,,,,,,,,,,,
,,,,,,,,,,,
,,,,,,,,,,,
,,,,,,,,,,,
,,,,,,,,,,,
,,,,,,,,,,,
,,,,,,,,,,,
,,,,,,,,,,,
,,,,,,,,,,,
,,,,,,,,,,,
,,,,,,,,,,,
,,,,,,,,,,,
,,,,,,,,,,,
,,,,,,,,,,,
,,,,,,,,,,,
,,,,,,,,,,,
,,,,,,,,,,,
,,,,,,,,,,,
,,,,,,,,,,,
,,,,,,,,,,,
,,,,,,,,,,,
,,,,,,,,,,,
,,,,,,,,,,,
,,,,,,,,,,,
,,,,,,,,,,,
,,,,,,,,,,,
,,,,,,,,,,,
,,,,,,,,,,,
,,,,,,,,,,,
,,,,,,,,,,,
,,,,,,,,,,,
,,,,,,,,,,,
,,,,,,,,,,,
,,,,,,,,,,,
,,,,,,,,,,,
,,,,,,,,,,,
,,,,,,,,,,,
,,,,,,,,,,,
,,,,,,,,,,,
,,,,,,,,,,,
,,,,,,,,,,,
,,,,,,,,,,,
,,,,,,,,,,,
,,,,,,,,,,,
,,,,,,,,,,,
,,,,,,,,,,,
,,,,,,,,,,,
,,,,,,,,,,,
,,,,,,,,,,,
,,,,,,,,,,,
,,,,,,,,,,,
,,,,,,,,,,,
,,,,,,,,,,,
,,,,,,,,,,,
,,,,,,,,,,,
,,,,,,,,,,,
,,,,,,,,,,,
,,,,,,,,,,,
,,,,,,,,,,,
,,,,,,,,,,,
,,,,,,,,,,,
,,,,,,,,,,,
,,,,,,,,,,,
,,,,,,,,,,,
,,,,,,,,,,,
,,,,,,,,,,,
,,,,,,,,,,,
,,,,,,,,,,,
,,,,,,,,,,,
,,,,,,,,,,,
,,,,,,,,,,,
,,,,,,,,,,,
,,,,,,,,,,,
,,,,,,,,,,,
,,,,,,,,,,,
,,,,,,,,,,,
,,,,,,,,,,,
,,,,,,,,,,,
,,,,,,,,,,,
,,,,,,,,,,,
,,,,,,,,,,,
,,,,,,,,,,,
,,,,,,,,,,,
,,,,,,,,,,,
,,,,,,,,,,,
,,,,,,,,,,,
,,,,,,,,,,,
,,,,,,,,,,,
,,,,,,,,,,,
,,,,,,,,,,,
,,,,,,,,,,,
,,,,,,,,,,,
,,,,,,,,,,,
,,,,,,,,,,,
,,,,,,,,,,,
,,,,,,,,,,,
,,,,,,,,,,,
,,,,,,,,,,,
,,,,,,,,,,,
,,,,,,,,,,,
,,,,,,,,,,,
,,,,,,,,,,,
,,,,,,,,,,,
,,,,,,,,,,,
,,,,,,,,,,,
,,,,,,,,,,,
,,,,,,,,,,,
,,,,,,,,,,,
,,,,,,,,,,,
,,,,,,,,,,,
,,,,,,,,,,,
