Gene_ID,signcon,randomSummary,randomCi.lb,randomCi.ub,randomP,het_QE,het_QEp,het_QM,het_QMp,error,randomP.adjust,rank,Gene_Symbol,Gene_Description
1183,-1,-4.46524127401365,-5.44744505610011,-3.48303749192719,5.0903205131856e-19,0,1,79.3931144242303,5.09032051318568e-19,FALSE,2.94656838848972e-16,1,CLCN4,chloride voltage-gated channel 4
861,-1,-3.83180447184035,-4.55115618712699,-3.11245275655371,1.62413380859503e-25,0,1,108.998443151914,1.62413380859502e-25,FALSE,1.64524754810676e-22,2,RUNX1,RUNX family transcription factor 1
1624,-1,-3.38419717803784,-3.95139741964639,-2.81699693642929,1.36604562020485e-31,0,1,136.75231458807,1.36604562020484e-31,FALSE,1.84507228435669e-28,3,,
226,-1,-4.31642683441176,-5.37963688623497,-3.25321678258855,1.76155262817311e-15,0,1,63.3150278007217,1.76155262817312e-15,FALSE,4.19871249962203e-13,4,ALDOA,"aldolase, fructose-bisphosphate A"
767,-1,-3.75908504263692,-4.60670687544912,-2.91146320982472,3.55588006307358e-18,0,1,75.5537830454896,3.55588006307357e-18,FALSE,1.20070216796451e-15,5,CA8,carbonic anhydrase 8
267,-1,-3.65005180639563,-4.46595354565966,-2.8341500671316,1.81583773138515e-18,0,1,76.880911090602,1.81583773138516e-18,FALSE,8.17530498619182e-16,6,AMFR,autocrine motility factor receptor
1527,-1,-2.98397003303626,-3.45664857540188,-2.51129149067064,3.65681453339343e-35,0,1,153.09229076149,3.65681453339336e-35,FALSE,7.40870624465508e-32,7,TEX28,testis expressed 28
7283,-1,-2.65737269713737,-2.96780244475677,-2.34694294951797,3.54225834734055e-63,0,1,281.497443854872,3.54225834734052e-63,FALSE,1.43532308234239e-59,8,TUBG1,tubulin gamma 1
534,-1,-3.14711899850026,-3.85395181173999,-2.44028618526053,2.6246736772332e-18,0,1,76.1533664213019,2.62467367723321e-18,FALSE,1.01231515638245e-15,9,ATP6V1G2,ATPase H+ transporting V1 subunit G2
594,1,4.53092675477889,2.96188039953357,6.09997311002421,1.51569378000388e-08,0,1,32.0330813356629,1.51569378000389e-08,FALSE,1.09671271367424e-06,10,BCKDHB,branched chain keto acid dehydrogenase E1 subunit beta
1001,-1,-2.88266559776745,-3.58668778650916,-2.17864340902574,1.01358462599486e-15,0,1,64.4038779462722,1.01358462599485e-15,FALSE,2.93360350323656e-13,11,CDH3,cadherin 3
3795,-1,-2.64427052986542,-3.22571429289778,-2.06282676683307,4.94648088253766e-19,0,1,79.4497470928568,4.94648088253761e-19,FALSE,2.94656838848972e-16,12,KHK,ketohexokinase
1173,-1,-2.39054760639564,-2.92777719383805,-1.85331801895323,2.74814084901454e-18,0,1,76.0625935391382,2.74814084901454e-18,FALSE,1.01231515638245e-15,13,AP2M1,adaptor related protein complex 2 subunit mu 1
280,-1,-2.95322404536215,-3.83727082854621,-2.06917726217809,5.85452442353311e-11,0,1,42.8685187327106,5.85452442353314e-11,FALSE,7.96519980772062e-09,14,AMY2B,amylase alpha 2B
8811,1,3.35187754345437,2.24077268054989,4.46298240635885,3.36674451257081e-09,0,1,34.9592714243677,3.36674451257081e-09,FALSE,3.10046562839475e-07,15,GALR2,galanin receptor 2
659,-1,-2.2316012167918,-2.7277480825516,-1.735454351032,1.18990752888314e-18,0,1,77.7157167500984,1.18990752888315e-18,FALSE,6.02688163379313e-16,16,BMPR2,bone morphogenetic protein receptor type 2
478,-1,-3.51400019712178,-4.72378147166196,-2.3042189225816,1.24808836639786e-08,0,1,32.4105222393294,1.24808836639786e-08,FALSE,9.19500738298934e-07,17,ATP1A3,ATPase Na+/K+ transporting subunit alpha 3
1283,-1,-3.07970103500966,-4.07619952216239,-2.08320254785693,1.38414213180503e-09,0,1,36.6910392124091,1.38414213180503e-09,FALSE,1.43808818412154e-07,18,,
1295,-1,-2.2365329380214,-2.78562214950058,-1.68744372654222,1.42513914483059e-15,0,1,63.7325004289526,1.4251391448306e-15,FALSE,3.60916488428346e-13,19,COL8A1,collagen type VIII alpha 1 chain
2229,-1,-3.3237737950483,-4.513177034743,-2.1343705553536,4.32360204459334e-08,0,1,29.9985916867589,4.32360204459333e-08,FALSE,2.64253209544391e-06,20,,
8916,1,1.96472473302768,1.53820515730616,2.3912443087492,1.74198630646726e-19,0,1,81.5120225976466,1.74198630646727e-19,FALSE,1.41170570276107e-16,21,HERC3,HECT and RLD domain containing E3 ubiquitin protein ligase 3
672,-1,-2.40514125671451,-3.08270883531639,-1.72757367811263,3.4703995202231e-12,0,1,48.4029826547819,3.4703995202231e-12,FALSE,6.11393863301914e-10,22,BRCA1,BRCA1 DNA repair associated
973,-1,-2.33246781697853,-2.97979621474694,-1.68513941921013,1.63904537782551e-12,0,1,49.8744573142298,1.63904537782551e-12,FALSE,3.16257708140427e-10,23,CD79A,CD79a molecule
334,-1,-2.34836369880508,-3.02484158684111,-1.67188581076905,1.01802940264331e-11,0,1,46.2934649639255,1.01802940264331e-11,FALSE,1.71877297479613e-09,24,APLP2,amyloid beta precursor like protein 2
524,-1,-2.15830523868056,-2.74790064094254,-1.56870983641858,7.24386065596244e-13,0,1,51.4770600282817,7.24386065596242e-13,FALSE,1.46760616889799e-10,25,,
1184,-1,-2.26472477818071,-2.92212689741132,-1.6073226589501,1.45821042916366e-11,0,1,45.5895017627186,1.45821042916366e-11,FALSE,2.36346746358845e-09,26,CLCN5,chloride voltage-gated channel 5
4531,1,1.99644737599292,1.48586289132939,2.50703186065645,1.8065534720727e-14,0,1,58.7322568294988,1.80655347207271e-14,FALSE,3.85271298359926e-12,27,,
487,-1,-2.51356904392992,-3.32599171540832,-1.70114637245152,1.3280387731882e-09,0,1,36.7717036719774,1.3280387731882e-09,FALSE,1.41610871288384e-07,28,ATP2A1,ATPase sarcoplasmic/endoplasmic reticulum Ca2+ transporting 1
555,1,2.61744118839021,1.73940379501223,3.49547858176819,5.13680050530754e-09,0,1,34.1368955200403,5.13680050530751e-09,FALSE,4.33631575989711e-07,29,,
3430,-1,-2.89410513346177,-3.93781348203014,-1.8503967848934,5.48591967714028e-08,0,1,29.5370062191126,5.48591967714027e-08,FALSE,3.13083753968626e-06,30,IFI35,interferon induced protein 35
4763,-1,-2.5471669313298,-3.40030105439529,-1.69403280826431,4.86331958124031e-09,0,1,34.2433600256322,4.86331958124031e-09,FALSE,4.19280232833739e-07,31,NF1,neurofibromin 1
19737,-1,-1.74981235360484,-2.15639974002889,-1.34322496718079,3.3117085132368e-17,0,1,71.1494153757225,3.31170851323683e-17,FALSE,1.03223406889504e-14,32,,
1738,-1,-2.35511967473603,-3.14068002778075,-1.56955932169131,4.20307667334145e-09,0,1,34.5273327247629,4.20307667334145e-09,FALSE,3.78463704008434e-07,33,DLD,dihydrolipoamide dehydrogenase
4158,-1,-7.07937561293795,-10.6514567103126,-3.5072945155633,0.00010259124503062,0,1,15.088409857754,0.00010259124503062,FALSE,0.00143840735247084,34,MC2R,melanocortin 2 receptor
2491,-1,-2.06280615674209,-2.68739737828748,-1.4382149351967,9.6028304426729e-11,0,1,41.9006989793038,9.6028304426729e-11,FALSE,1.25518286947454e-08,35,CENPI,centromere protein I
1874,-1,-2.86146543952776,-3.95985830654836,-1.76307257250716,3.29088945649653e-07,0,1,26.0710056662864,3.29088945649654e-07,FALSE,1.36068204874734e-05,36,E2F4,E2F transcription factor 4
297,-1,-1.89534114419861,-2.42851071474587,-1.36217157365135,3.22874515886787e-12,0,1,48.5445246381515,3.22874515886786e-12,FALSE,5.94676153806028e-10,37,,
273,-1,-3.1768085890762,-4.47635560501414,-1.87726157313826,1.65760848775987e-06,0,1,22.9558979731455,1.65760848775988e-06,FALSE,4.97528117955779e-05,38,AMPH,amphiphysin
2001,-1,-1.6738527797512,-2.08347085258542,-1.26423470691698,1.15507226131745e-15,0,1,64.1464280243986,1.15507226131746e-15,FALSE,3.12023520190554e-13,39,ELF5,E74 like ETS transcription factor 5
3257,1,2.38525825797034,1.55009396301308,3.2204225529276,2.17182551195274e-08,0,1,31.3345282113272,2.17182551195274e-08,FALSE,1.46670616240542e-06,40,HPS1,HPS1 biogenesis of lysosomal organelles complex 3 subunit 1
490,-1,-2.28232630574843,-3.06007844637485,-1.50457416512201,8.84309130692487e-09,0,1,33.0802835616684,8.84309130692484e-09,FALSE,7.0259227403254e-07,41,ATP2B1,ATPase plasma membrane Ca2+ transporting 1
2214,-1,-2.18749194533853,-2.91029346308781,-1.46469042758925,2.99905886258168e-09,0,1,35.1844685478672,2.99905886258169e-09,FALSE,2.89337774075738e-07,42,FCGR3A,Fc gamma receptor IIIa
447,-1,-2.40763500909552,-3.27019141779992,-1.54507860039112,4.47996029066041e-08,0,1,29.9297072493718,4.4799602906604e-08,FALSE,2.66952927908176e-06,43,,
4312,-1,-2.03690412016611,-2.68117789646747,-1.39263034386475,5.77232773344481e-10,0,1,38.3969250339014,5.77232773344484e-10,FALSE,7.08771878058133e-08,44,MMP1,matrix metallopeptidase 1
766,1,2.03306508339553,1.38104342743664,2.68508673935442,9.87901282040194e-10,0,1,37.3486324626252,9.87901282040195e-10,FALSE,1.17734588083143e-07,45,CA7,carbonic anhydrase 7
503,-1,-2.09270484318853,-2.78413597737286,-1.40127370900421,2.99117325387815e-09,0,1,35.1895957837996,2.99117325387816e-09,FALSE,2.89337774075738e-07,46,,
933,-1,-2.69127194667274,-3.74483677789702,-1.63770711544846,5.53948608183679e-07,0,1,25.0662184747188,5.53948608183678e-07,FALSE,2.10042786018416e-05,47,CD22,CD22 molecule
830,1,1.76261271193094,1.24703141512663,2.27819400873525,2.07693939724308e-11,0,1,44.8968290363938,2.07693939724308e-11,FALSE,3.1169475694922e-09,48,CAPZA2,capping actin protein of muscle Z-line subunit alpha 2
13216,-1,-1.49986483868009,-1.87021823588886,-1.12951144147132,2.06292667179821e-15,0,1,63.003948049134,2.06292667179821e-15,FALSE,4.64387715229241e-13,49,,
387,-1,-2.09395034406453,-2.84620258328923,-1.34169810483983,4.87785691475433e-08,0,1,29.7647309280445,4.87785691475434e-08,FALSE,2.82358231694065e-06,50,RHOA,ras homolog family member A
733,-1,-4.52671571437519,-6.76961022100082,-2.28382120774956,7.63134417892817e-05,0,1,15.6474988874869,7.63134417892816e-05,FALSE,0.00114952440940583,51,C8G,complement C8 gamma chain
706,-1,-1.77788057060067,-2.34900484428709,-1.20675629691426,1.05230719888879e-09,0,1,37.2254633478678,1.0523071988888e-09,FALSE,1.21827107711354e-07,52,TSPO,translocator protein
3890,-1,-1.55312754861099,-2.00717983322868,-1.0990752639933,2.024616463481e-11,0,1,44.9467917501675,2.02461646348099e-11,FALSE,3.1169475694922e-09,53,KRT84,keratin 84
350,-1,-1.88262527858778,-2.5520696160225,-1.21318094115306,3.55078554153728e-08,0,1,30.3805064139955,3.55078554153729e-08,FALSE,2.28377508163636e-06,54,APOH,apolipoprotein H
1448,1,2.19252537896851,1.33129726363535,3.05375349430167,6.04728254693488e-07,0,1,24.8971159496141,6.04728254693487e-07,FALSE,2.24803567708075e-05,55,CSN3,casein kappa
2030,-1,-1.66996170456832,-2.21652911721647,-1.12339429192017,2.1191417008825e-09,0,1,35.8609455736348,2.11914170088249e-09,FALSE,2.14669054299397e-07,56,SLC29A1,solute carrier family 29 member 1 (Augustine blood group)
53209,-1,-1.74310516496435,-2.33589405024462,-1.15031627968408,8.2482377387846e-09,0,1,33.2156883753275,8.24823773878461e-09,FALSE,6.68437186351104e-07,57,,
1334,-1,-1.94598857335506,-2.67096334074333,-1.22101380596679,1.43300623553001e-07,0,1,27.6777620342355,1.43300623553001e-07,FALSE,7.16856946465134e-06,58,,
2938,1,2.00051865101974,1.24111054120305,2.75992676083643,2.42817247443441e-07,0,1,26.6582066375066,2.42817247443441e-07,FALSE,1.06235981250266e-05,59,GSTA1,glutathione S-transferase alpha 1
452,1,2.01742382792533,1.24012257247812,2.79472508337255,3.63903680509378e-07,0,1,25.8768695067288,3.63903680509378e-07,FALSE,1.474537713424e-05,60,,
1101,-1,-2.08795896924202,-2.91248700747248,-1.26343093101156,6.93294949731641e-07,0,1,24.6336771428682,6.93294949731641e-07,FALSE,2.48604525337399e-05,61,CHAD,chondroadherin
682,1,2.25425605609664,1.3186173267128,3.18989478548048,2.33322445113189e-06,0,1,22.2990464017384,2.3332244511319e-06,FALSE,6.65790526477917e-05,62,BSG,basigin (Ok blood group)
575,-1,-1.58253257184465,-2.10588458462185,-1.05918055906745,3.09239406245929e-09,0,1,35.1247870097171,3.0923940624593e-09,FALSE,2.91404203281047e-07,63,ADGRB1,adhesion G protein-coupled receptor B1
448,1,1.845776498248,1.15059217676998,2.54096081972603,1.9517055402118e-07,0,1,27.0803621621558,1.9517055402118e-07,FALSE,8.88574252689688e-06,64,,
320,-1,-1.49603582967923,-1.97930467083409,-1.01276698852437,1.3001261259764e-09,0,1,36.8131162427794,1.3001261259764e-09,FALSE,1.41610871288384e-07,65,APBA1,amyloid beta precursor protein binding family A member 1
525307,1,1.6045116722912,1.04846003528632,2.16056330929608,1.55336194852864e-08,0,1,31.9853933785151,1.55336194852863e-08,FALSE,1.1042495816558e-06,66,,
343,1,1.62058354195537,1.05107739319883,2.19008969071191,2.44332810895369e-08,0,1,31.1058587408406,2.44332810895369e-08,FALSE,1.62301073729186e-06,67,AQP8,aquaporin 8
609,1,3.10123424691293,1.60685661450062,4.59561187932524,4.75302484169116e-05,0,1,16.5441556572024,4.75302484169115e-05,FALSE,0.000795837052005479,68,,
1073,-1,-1.76662339590985,-2.42822441510333,-1.10502237671637,1.6629014574388e-07,0,1,27.3899857400063,1.6629014574388e-07,FALSE,7.83497291342096e-06,69,CFL2,cofilin 2
2795,-1,-1.53852057819943,-2.0635110135578,-1.01353014284106,9.25700600359145e-09,0,1,32.9913447872927,9.25700600359145e-09,FALSE,7.21334390895241e-07,70,,
1211,-1,-1.93196889578377,-2.70566906075677,-1.15826873081077,9.87413822448883e-07,0,1,23.9525118295729,9.87413822448883e-07,FALSE,3.25284618582348e-05,71,CLTA,clathrin light chain A
450,-1,-1.80558426502338,-2.50037776246938,-1.11079076757738,3.51648028676021e-07,0,1,25.9430011141508,3.5164802867602e-07,FALSE,1.43927051736893e-05,72,,
1724,-1,-2.02619925199732,-2.87775522890177,-1.17464327509287,3.10794089896839e-06,0,1,21.7487389459984,3.10794089896838e-06,FALSE,8.68508725697924e-05,73,,
1613,-1,-1.54456750288542,-2.09747518152266,-0.991659824248176,4.36943855860666e-08,0,1,29.9781429199526,4.36943855860666e-08,FALSE,2.64253209544391e-06,74,DAPK3,death associated protein kinase 3
1237,-1,-1.36063446713418,-1.79907588141181,-0.92219305285655,1.18365588155164e-09,0,1,36.9961028743119,1.18365588155164e-09,FALSE,1.33227045334646e-07,75,CCR8,C-C motif chemokine receptor 8
1250,-1,-1.60130987417962,-2.19582131092024,-1.006798437439,1.29790926269544e-07,0,1,27.8693293571476,1.29790926269544e-07,FALSE,6.57391041555241e-06,76,,
1015,-1,-1.38405493696055,-1.846113546751,-0.921996327170103,4.33447341163972e-09,0,1,34.4674143813706,4.33447341163973e-09,FALSE,3.81810570955742e-07,77,CDH17,cadherin 17
1098,-1,-1.4501184497328,-1.95459903966717,-0.945637859798425,1.76206074166914e-08,0,1,31.7405330239346,1.76206074166913e-08,FALSE,1.2310120905592e-06,78,,
1491,-1,-1.69389511672304,-2.35308866027504,-1.03470157317104,4.74327193704594e-07,0,1,25.3654939566907,4.74327193704595e-07,FALSE,1.83045122751525e-05,79,CTH,cystathionine gamma-lyase
1020,1,1.42893311164536,0.930160866513791,1.92770535677693,1.96445407580649e-08,0,1,31.5293795658201,1.9644540758065e-08,FALSE,1.34914710426575e-06,80,CDK5,cyclin dependent kinase 5
1344,-1,-1.51785756210719,-2.07495459736074,-0.960760526853643,9.29024295131773e-08,0,1,28.5165199596014,9.29024295131775e-08,FALSE,5.01920859183193e-06,81,,
824,1,1.97559329028572,1.12753609511442,2.82365048545702,4.97503070143235e-06,0,1,20.8468758795902,4.97503070143235e-06,FALSE,0.000130056931627122,82,CAPN2,calpain 2
866,1,1.20969804736702,0.847515203289773,1.57188089144427,5.89723579051378e-11,0,1,42.8542986439666,5.8972357905138e-11,FALSE,7.96519980772062e-09,83,SERPINA6,serpin family A member 6
561,1,1.61128441496686,0.989681137745481,2.23288769218824,3.76430071103678e-07,0,1,25.8115451823875,3.76430071103678e-07,FALSE,1.49538690991383e-05,84,,
13330,-1,-1.24211789111017,-1.62899273107376,-0.855243051146577,3.11892090908808e-10,0,1,39.5986922158858,3.11892090908807e-10,FALSE,3.94933360113278e-08,85,,
538,-1,-1.76521972183781,-2.49713957929165,-1.03329986438397,2.27888985959478e-06,0,1,22.3442953813859,2.27888985959479e-06,FALSE,6.56264201741348e-05,86,ATP7A,ATPase copper transporting alpha
1991,-1,-1.5795322463242,-2.20247316288816,-0.956591329760243,6.70583246764594e-07,0,1,24.6978677048886,6.70583246764593e-07,FALSE,2.42607438918762e-05,87,ELANE,"elastase, neutrophil expressed"
653,-1,-1.66289463112681,-2.33960660202385,-0.986182660229771,1.4628171301499e-06,0,1,23.1962577604303,1.4628171301499e-06,FALSE,4.45664286568977e-05,88,BMP5,bone morphogenetic protein 5
1743,1,1.42904705116137,0.901667291068741,1.956426811254,1.09062949261119e-07,0,1,28.2060532592959,1.09062949261119e-07,FALSE,5.81010519569801e-06,89,DLST,dihydrolipoamide S-succinyltransferase
1059,1,1.35816170494181,0.872787687068889,1.84353572281473,4.15055151053603e-08,0,1,30.077801865309,4.15055151053604e-08,FALSE,2.62781792510813e-06,90,CENPB,centromere protein B
5609,1,7.59970876499379,3.16741790675046,12.0319996232371,0.000777734460951058,0,1,11.2936305617856,0.000777734460951059,FALSE,0.00667665261816459,91,MAP2K7,mitogen-activated protein kinase kinase 7
760,-1,-1.42836516941056,-1.96292100959359,-0.893809329227533,1.63083133784793e-07,0,1,27.4276454895076,1.63083133784793e-07,FALSE,7.77426891877624e-06,92,CA2,carbonic anhydrase 2
648,1,1.45597375678171,0.903305551446067,2.00864196211735,2.42482785478755e-07,0,1,26.6608698641311,2.42482785478755e-07,FALSE,1.06235981250266e-05,93,BMI1,"BMI1 proto-oncogene, polycomb ring finger"
843,-1,-1.71492302290184,-2.43510333311491,-0.99474271268877,3.05410858716592e-06,0,1,21.7822609495103,3.05410858716594e-06,FALSE,8.59392221888633e-05,94,CASP10,caspase 10
18,2,1.38113242560079,0.868505335487937,1.89375951571365,1.28773589027639e-07,0.848855283618532,0.356876374276216,27.8845550618875,1.28773589027639e-07,FALSE,6.57391041555241e-06,95,ABAT,4-aminobutyrate aminotransferase
7404,-1,-1.47840244840467,-2.06328432632813,-0.89352057048121,7.26324632371689e-07,0,1,24.5439918261786,7.26324632371688e-07,FALSE,2.581638079272e-05,96,UTY,"ubiquitously transcribed tetratricopeptide repeat containing, Y-linked"
1196,1,1.63850048520065,0.947267383367431,2.32973358703387,3.38592086647665e-06,0,1,21.584414660385,3.38592086647665e-06,FALSE,9.39708996641328e-05,97,CLK2,CDC like kinase 2
23,2,1.7605032666738,0.989947963039522,2.53105857030808,7.53564333080433e-06,0.00173635703279234,0.966762074540413,20.0522090949706,7.53564333080433e-06,FALSE,0.000186185529124507,98,ABCF1,ATP binding cassette subfamily F member 1
505,1,1.39160461183666,0.858632351156789,1.92457687251653,3.09583195609263e-07,0,1,26.1889863014038,3.09583195609264e-07,FALSE,1.29322794701931e-05,99,,
685,1,1.45844298815314,0.881106328461894,2.03577964784439,7.37661437495704e-07,0,1,24.5141492184043,7.37661437495703e-07,FALSE,2.59913403889791e-05,100,BTC,betacellulin
2769,-1,-1.55334833235703,-2.19428844776791,-0.912408216946152,2.03351937798255e-06,0,1,22.5631112426836,2.03351937798255e-06,FALSE,5.9708844344821e-05,101,GNA15,G protein subunit alpha 15
1050,-1,-1.23308945117595,-1.66865407011118,-0.797524832240723,2.87826042166336e-08,0,1,30.787906411525,2.87826042166336e-08,FALSE,1.88108245622257e-06,102,CEBPA,CCAAT enhancer binding protein alpha
3112,-1,-1.18631198222801,-1.59205230431608,-0.780571660139939,1.00085795393678e-08,0,1,32.8395862491714,1.00085795393678e-08,FALSE,7.51014153583674e-07,103,HLA-DOB,"major histocompatibility complex, class II, DO beta"
136,1,1.84012571513376,1.00538852104956,2.67486290921796,1.55593177945561e-05,0,1,18.6677355815867,1.55593177945561e-05,FALSE,0.000328366435955945,104,ADORA2B,adenosine A2b receptor
1536,1,1.01140679541526,0.714095200406541,1.30871839042398,2.60222302663628e-11,0,1,44.4553693527418,2.60222302663628e-11,FALSE,3.76578846568935e-09,105,CYBB,cytochrome b-245 beta chain
131745,-1,-1.43626694318328,-2.01093354252537,-0.861600343841186,9.65478310620948e-07,0,1,23.9957650062055,9.65478310620948e-07,FALSE,3.23315546664139e-05,106,,
897,-1,-1.22511432602539,-1.66331527445293,-0.786913377597849,4.26211283444826e-08,0,1,30.0263672685819,4.26211283444826e-08,FALSE,2.64253209544391e-06,107,,
5761,-1,-1.27404511801205,-1.74442054243216,-0.803669693591939,1.10409205347667e-07,0,1,28.1823076614667,1.10409205347667e-07,FALSE,5.81010519569801e-06,108,,
2216,-1,-1.15860136784241,-1.55463907154654,-0.762563664138284,9.81817709582849e-09,0,1,32.8769248057322,9.81817709582848e-09,FALSE,7.50627426269756e-07,109,,
5768,1,1.12949677972624,0.745789588842398,1.51320397061008,7.95385953048131e-09,0,1,33.2863595320635,7.95385953048132e-09,FALSE,6.57735486071638e-07,110,QSOX1,quiescin sulfhydryl oxidase 1
662,-1,-1.5200603849156,-2.16305922500822,-0.877061544822979,3.59728065771469e-06,0,1,21.4682915509247,3.59728065771469e-06,FALSE,9.91576954085709e-05,111,BNIP1,BCL2 interacting protein 1
2029,-1,-1.8519848919521,-2.71331094004182,-0.990658843862377,2.50634851134817e-05,0,1,17.7597111692691,2.50634851134817e-05,FALSE,0.000474566549905738,112,ENSA,endosulfine alpha
7306,-1,-1.34381553711223,-1.87230161838737,-0.81532945583709,6.23712451770669e-07,0,1,24.8375291944747,6.23712451770668e-07,FALSE,2.29752986779523e-05,113,TYRP1,tyrosinase related protein 1
1190,-1,-1.96835336003955,-2.90741071128547,-1.02929600879363,3.98632907548442e-05,0,1,16.8778872063513,3.98632907548442e-05,FALSE,0.000693244867547763,114,,
9302,1,3.84906511630188,1.67676343804649,6.02136679455727,0.000515006252589242,0,1,12.0605308305589,0.000515006252589243,FALSE,0.00483056790623058,115,,
1258,1,1.91803393675909,1.00785622319783,2.82821165032035,3.62341364221041e-05,0,1,17.0591096907771,3.62341364221041e-05,FALSE,0.000641138518700287,116,CNGB1,cyclic nucleotide gated channel subunit beta 1
1807,-1,-2.35108496677085,-3.54650613904954,-1.15566379449216,0.000115851080313832,0,1,14.8590465857041,0.000115851080313832,FALSE,0.00155031801207909,117,DPYS,dihydropyrimidinase
331,-1,-1.54901889242679,-2.21707813850627,-0.880959646347313,5.50556360442016e-06,0,1,20.6528339389957,5.50556360442016e-06,FALSE,0.000142092635191786,118,XIAP,X-linked inhibitor of apoptosis
954,-1,-1.46008242785076,-2.07016775786957,-0.849997097831947,2.72311826883917e-06,0,1,22.0023853270401,2.72311826883918e-06,FALSE,7.71613652121422e-05,119,ENTPD2,ectonucleoside triphosphate diphosphohydrolase 2
521,1,1.27444728956525,0.782587097214472,1.76630748191603,3.80594157821155e-07,0,1,25.7903114880874,3.80594157821154e-07,FALSE,1.4972500266906e-05,120,ATP5ME,ATP synthase membrane subunit e
529,-1,-1.35805161275915,-1.90692236966135,-0.80918085585695,1.23791811319058e-06,0,1,23.517358939501,1.23791811319058e-06,FALSE,3.91878452706893e-05,121,ATP6V1E1,ATPase H+ transporting V1 subunit E1
1582,-1,-1.93112040438747,-2.86380243270825,-0.998438376066686,4.94714258378438e-05,0,1,16.4682583076677,4.94714258378438e-05,FALSE,0.000813953539291429,122,CYP8B1,cytochrome P450 family 8 subfamily B member 1
293,-1,-1.28797903840516,-1.79827870890656,-0.777679367903758,7.54114510336031e-07,0,1,24.4716468247241,7.54114510336032e-07,FALSE,2.63419999644965e-05,123,SLC25A6,solute carrier family 25 member 6
863,1,2.02660425907287,1.02555938402723,3.02764913411851,7.25010281388653e-05,0,1,15.7444317616788,7.25010281388652e-05,FALSE,0.00110441415796497,124,CBFA2T3,CBFA2/RUNX1 partner transcriptional co-repressor 3
2628,-1,-1.51569011928561,-2.17834164925513,-0.85303858931609,7.35846663003432e-06,0,1,20.0977116496732,7.35846663003431e-06,FALSE,0.000182923354508583,125,GATM,glycine amidinotransferase
4010,1,1.23256634320273,0.757440750106442,1.70769193629902,3.68556685597965e-07,0,1,25.8523449279186,3.68556685597965e-07,FALSE,1.4786056337059e-05,126,LMX1B,LIM homeobox transcription factor 1 beta
5920,-1,-1.75030174908391,-2.57328002153297,-0.927323476634849,3.06703171803408e-05,0,1,17.3758195046971,3.06703171803409e-05,FALSE,0.000565453266131258,127,PLAAT4,phospholipase A and acyltransferase 4
327,-1,-1.49947950447472,-2.15626793470339,-0.842691074246053,7.65215979484843e-06,0,1,20.0228669945029,7.65215979484841e-06,FALSE,0.000187918493871066,128,APEH,acylaminoacyl-peptide hydrolase
1298,-1,-1.64767167308366,-2.40339483030686,-0.891948515860461,1.9266352126369e-05,0,1,18.2604750734538,1.92663521263691e-05,FALSE,0.000390336294080237,129,COL9A2,collagen type IX alpha 2 chain
4917,-1,-1.57008159886909,-2.27471074177541,-0.865452455962767,1.25811070991017e-05,0,1,19.0730183658107,1.25811070991017e-05,FALSE,0.000280102450360221,130,NTN3,netrin 3
2311,-1,-1.26334970219604,-1.76645745620374,-0.760241948188344,8.58179042222168e-07,0,1,24.2226316531139,8.58179042222167e-07,FALSE,2.89778456590352e-05,131,,
934,1,1.17226372002018,0.727913097697102,1.61661434234326,2.33244255306747e-07,0,1,26.7359269098032,2.33244255306748e-07,FALSE,1.05011746944771e-05,132,,
992,1,1.25972231033517,0.755477481252336,1.763967139418,9.7582709177862e-07,0,1,23.9752374675852,9.75827091778624e-07,FALSE,3.24102571794014e-05,133,,
1960,-1,-2.20527956335743,-3.34112047094385,-1.06943865577101,0.000141605662566658,0,1,14.4806639803481,0.000141605662566658,FALSE,0.00178194454882018,134,EGR3,early growth response 3
328,-1,-1.84844211853074,-2.74662089779308,-0.950263339268403,5.49324201522583e-05,0,1,16.269803717142,5.49324201522583e-05,FALSE,0.00088531717845462,135,APEX1,apurinic/apyrimidinic endodeoxyribonuclease 1
565,-1,-1.38020503758624,-1.97352334137587,-0.78688673379661,5.13095745337109e-06,0,1,20.7877701165893,5.1309574533711e-06,FALSE,0.000133273330776023,136,,
3090,1,1.52209179150296,0.832936178366633,2.21124740463929,1.49896082038272e-05,0,1,18.7388646417868,1.49896082038271e-05,FALSE,0.000321364510274644,137,HIC1,HIC ZBTB transcriptional repressor 1
9075,1,1.34365670958109,0.773783861806394,1.91352955735579,3.81454600350122e-06,0,1,21.35585199034,3.81454600350123e-06,FALSE,0.000104436083825588,138,CLDN2,claudin 2
798,1,1.54935078996168,0.84096894317575,2.25773263674761,1.81287867108913e-05,0,1,18.3764175885921,1.81287867108913e-05,FALSE,0.000370999210871372,139,,
4393,-1,-1.9969616097135,-3.00967384587992,-0.984249373547081,0.000111161111663972,0,1,14.9370040612364,0.000111161111663972,FALSE,0.00151658190054685,140,,
195,-2,-1.33383058689683,-1.90597454434468,-0.76168662944899,4.89508828505371e-06,1.12945117724831,0.287892434034422,20.8779039552581,4.89508828505371e-06,FALSE,0.00012879803721453,141,,
970,-1,-1.52520364932481,-2.22608459172327,-0.824322706926351,1.99791091307062e-05,0,1,18.1912838696828,1.99791091307062e-05,FALSE,0.000398794828559713,142,CD70,CD70 molecule
1037,1,1.76782312128478,0.901646141464463,2.6340001011051,6.32925257206235e-05,0,1,16.0014937663092,6.32925257206236e-05,FALSE,0.000986389670076795,143,,
4775,1,1.08100280815135,0.675314045198585,1.48669157110412,1.7648358725176e-07,0,1,27.2749441105225,1.7648358725176e-07,FALSE,8.21967236257625e-06,144,NFATC3,nuclear factor of activated T cells 3
491791,-1,-1.14145441981863,-1.5883267988021,-0.694582040835161,5.54653951233231e-07,0,1,25.0637647950984,5.54653951233229e-07,FALSE,2.10042786018416e-05,145,,
4720,1,1.07970648626388,0.67378069663264,1.48563227589512,1.85577304929933e-07,0,1,27.1778010065812,1.85577304929934e-07,FALSE,8.54499135881919e-06,146,NDUFS2,NADH:ubiquinone oxidoreductase core subunit S2
1387,-1,-1.02858746796887,-1.40087726834395,-0.656297667593786,6.1247203280309e-08,0,1,29.3235376576231,6.12472032803092e-08,FALSE,3.39963928344948e-06,147,CREBBP,CREB binding protein
783,1,1.23244445728198,0.72138549132295,1.74350342324101,2.2836439399193e-06,0,1,22.3402932824082,2.2836439399193e-06,FALSE,6.56264201741348e-05,148,CACNB2,calcium voltage-gated channel auxiliary subunit beta 2
1094,-1,-1.26808774769611,-1.80799103489037,-0.728184460501853,4.15591417436557e-06,0,1,21.1915562602716,4.15591417436559e-06,FALSE,0.000113018551909593,149,,
984,-1,-1.18229023615772,-1.66502645282227,-0.699554019493172,1.58481195056871e-06,0,1,23.0422361505497,1.58481195056871e-06,FALSE,4.7922821072421e-05,150,CDK11B,cyclin dependent kinase 11B
2444,-1,-1.03566843226712,-1.42201094642474,-0.649325918109505,1.48769662024527e-07,0,1,27.6053117783676,1.48769662024527e-07,FALSE,7.26282735570343e-06,151,FRK,fyn related Src family tyrosine kinase
15980,-1,-1.01635384735574,-1.39288066665354,-0.639827028057942,1.21979235499452e-07,0,1,27.9894408011463,1.21979235499452e-07,FALSE,6.33666490056129e-06,152,,
2462,-1,-1.10824438050452,-1.54865545459348,-0.66783330641556,8.138088824034e-07,0,1,24.3248850284345,8.13808882403399e-07,FALSE,2.79453694194795e-05,153,,
1131,-1,-1.73068491650647,-2.59294960768952,-0.86842022532342,8.35716931633003e-05,0,1,15.4757246593591,8.35716931633002e-05,FALSE,0.00122250000251875,154,CHRM3,cholinergic receptor muscarinic 3
4266,1,1.3974820933465,0.758636502402423,2.03632768429058,1.8074095981239e-05,0,1,18.3821743911539,1.80740959812389e-05,FALSE,0.000370999210871372,155,,
2878,-1,-1.11614277336354,-1.56411205201122,-0.668173494715861,1.04288031988367e-06,0,1,23.8473004012561,1.04288031988367e-06,FALSE,3.4078637549747e-05,156,GPX3,glutathione peroxidase 3
4739,1,1.83640602097561,0.897901430659838,2.77491061129138,0.000125496509656399,0,1,14.7082429793157,0.000125496509656399,FALSE,0.00162984569592221,157,NEDD9,"neural precursor cell expressed, developmentally down-regulated 9"
1111,1,1.07622963192219,0.654344741485081,1.4981145223593,5.73677753100681e-07,0,1,24.9987405603934,5.73677753100682e-07,FALSE,2.152353940337e-05,158,CHEK1,checkpoint kinase 1
1748,1,1.11442168522045,0.666403528634475,1.56243984180642,1.08638983910031e-06,0,1,23.7686251278732,1.08638983910031e-06,FALSE,3.52164130242755e-05,159,DLX4,distal-less homeobox 4
873,-1,-1.08522060216161,-1.51534274875401,-0.65509845556921,7.61081765015412e-07,0,1,24.453928205995,7.61081765015413e-07,FALSE,2.63581479644654e-05,161,CBR1,carbonyl reductase 1
234,1,1.63277907318068,0.827132457275737,2.43842568908562,7.12123768611303e-05,0,1,15.7783599266347,7.12123768611304e-05,FALSE,0.00108887755109925,162,,
489,1,1.10243990497103,0.654235317831749,1.55064449211031,1.42923154908483e-06,0,1,23.2409265426115,1.42923154908483e-06,FALSE,4.38730775522102e-05,163,ATP2A3,ATPase sarcoplasmic/endoplasmic reticulum Ca2+ transporting 3
8673,-1,-1.53182012425092,-2.27318523655572,-0.790455011946121,5.12815660149578e-05,0,1,16.4001354107985,5.12815660149578e-05,FALSE,0.000831171621970435,164,VAMP8,vesicle associated membrane protein 8
1575,1,1.98616146003435,0.927863660178913,3.04445925988979,0.000234734451857972,0,1,13.530364503212,0.000234734451857972,FALSE,0.00267927887022113,165,,
625,1,1.51378959130831,0.773772042898342,2.25380713971828,6.08917867179247e-05,0,1,16.0747110311367,6.08917867179246e-05,FALSE,0.000963802811644651,166,,
2164,-1,-1.32334266921178,-1.93963172137747,-0.707053617046086,2.56976502747585e-05,0,1,17.712175550194,2.56976502747585e-05,FALSE,0.000479847368264153,169,,
1988,-1,-1.30187842539465,-1.90356064908442,-0.700196201704883,2.22690140379549e-05,0,1,17.9846785781283,2.22690140379549e-05,FALSE,0.000437893586406906,170,,
1213,1,1.59657868408127,0.792911612060404,2.40024575610214,9.87276248262618e-05,0,1,15.1608826451615,9.87276248262618e-05,FALSE,0.00139665641475979,171,CLTC,clathrin heavy chain
3688,-1,-1.26379425411728,-1.84066230701071,-0.686926201223846,1.75592449287451e-05,0,1,18.4372421008411,1.75592449287452e-05,FALSE,0.000363010512506506,172,ITGB1,integrin subunit beta 1
627,1,1.58781926085186,0.787785526135862,2.38785299556786,0.000100276582406524,0,1,15.1314906359398,0.000100276582406524,FALSE,0.00141083580524735,173,BDNF,brain derived neurotrophic factor
94416,1,1.0283094862353,0.611963234357251,1.44465573811335,1.29316499431485e-06,0,1,23.4333591012784,1.29316499431485e-06,FALSE,4.03069581304906e-05,174,,
473,1,1.53664864080067,0.767404525227316,2.30589275637402,9.03140017516977e-05,0,1,15.329110994403,9.03140017516978e-05,FALSE,0.00129770331594993,175,RERE,arginine-glutamic acid dipeptide repeats
180,1,1.22948315866125,0.670780972957422,1.78818534436508,1.60975636128677e-05,0,1,18.6028982079449,1.60975636128677e-05,FALSE,0.00033796542880487,176,,
4986,-1,-1.23950615299893,-1.80512294711085,-0.673889358887008,1.74605249416024e-05,0,1,18.4479861615902,1.74605249416024e-05,FALSE,0.000362820754171143,177,OPRK1,opioid receptor kappa 1
318,1,1.20105568344229,0.661495705149472,1.74061566173511,1.28371754116851e-05,0,1,19.034567369381,1.28371754116851e-05,FALSE,0.000282023970703968,178,NUDT2,nudix hydrolase 2
1544,-1,-1.26859427303287,-1.85496314250846,-0.682225403557276,2.23188740595419e-05,0,1,17.9804213291502,2.23188740595418e-05,FALSE,0.000437893586406906,179,CYP1A2,cytochrome P450 family 1 subfamily A member 2
65,2,1.17335681522766,0.649413697087404,1.69729993336792,1.13722522533208e-05,0.307062084018079,0.579488628499088,19.2658467631548,1.13722522533209e-05,FALSE,0.000260341051584497,180,,
5833,1,1.55868397479487,0.761022765679469,2.35634518391027,0.000128194175466157,0,1,14.6681511902884,0.000128194175466157,FALSE,0.00164902475869482,182,PCYT2,"phosphate cytidylyltransferase 2, ethanolamine"
395,-1,-1.21431954583022,-1.77566981670874,-0.652969274951697,2.23701807468484e-05,0,1,17.976050521666,2.23701807468483e-05,FALSE,0.000437893586406906,184,ARHGAP6,Rho GTPase activating protein 6
344,1,1.16241836570925,0.635863170015219,1.68897356140328,1.51292374894601e-05,0,1,18.7211836303312,1.51292374894601e-05,FALSE,0.000322650896354169,188,APOC2,apolipoprotein C2
814,1,1.11785336255854,0.620640038177466,1.61506668693961,1.05072038187295e-05,0,1,19.416919956698,1.05072038187295e-05,FALSE,0.000243286799277096,190,CAMK4,calcium/calmodulin dependent protein kinase IV
651,-1,-1.09033626481049,-1.5702275381444,-0.610444991476579,8.4626178763831e-06,0,1,19.8303961950638,8.46261787638307e-06,FALSE,0.000202902530385233,191,BMP3,bone morphogenetic protein 3
6697,-1,-1.43677484157493,-2.15858609778278,-0.714963585367081,9.56639707121743e-05,0,1,15.2204085789128,9.56639707121743e-05,FALSE,0.00136489580748497,193,SPR,sepiapterin reductase
1908,-1,-1.59284064694761,-2.42329443699091,-0.76238685690431,0.000170401423698208,0,1,14.1322040199553,0.000170401423698208,FALSE,0.00206109423529892,194,EDN3,endothelin 3
1507,1,1.09791440614009,0.609842681063779,1.5859861312164,1.03883945568111e-05,0,1,19.4386388724691,1.03883945568111e-05,FALSE,0.000241918245656314,195,,
377,1,1.14893890644536,0.621385398256882,1.67649241463384,1.96763861855113e-05,0,1,18.2203629373561,1.96763861855113e-05,FALSE,0.000394696617939068,196,ARF3,ADP ribosylation factor 3
1150,1,1.10822750255205,0.605896264218427,1.61055874088567,1.53217386569615e-05,0,1,18.6970744246079,1.53217386569615e-05,FALSE,0.000325045471403183,197,,
2936,1,1.15062645768472,0.616614731899787,1.68463818346965,2.40961840273642e-05,0,1,17.8345972961534,2.40961840273641e-05,FALSE,0.000461304103967473,198,GSR,glutathione-disulfide reductase
1818,-1,-1.8492411519728,-2.87157096857257,-0.826911335373034,0.000392195348776133,0,1,12.5690144703383,0.000392195348776133,FALSE,0.00394336365568459,199,,
590,1,2.53325848292607,1.0366553197887,4.02986164606344,0.000908020665900137,0,1,11.0063134175608,0.000908020665900138,FALSE,0.0073733461687923,202,BCHE,butyrylcholinesterase
2138,-1,-1.03105342615884,-1.48383419194076,-0.578272660376919,8.07642164743774e-06,0,1,19.9196903098262,8.07642164743773e-06,FALSE,0.000197142533225408,203,EYA1,EYA transcriptional coactivator and phosphatase 1
474,-1,-1.31292674192087,-1.96444219637569,-0.661411287466048,7.82499386441653e-05,0,1,15.6001123642957,7.82499386441653e-05,FALSE,0.00117432870883762,205,ATOH1,atonal bHLH transcription factor 1
2815,1,1.32882898452482,0.665399005604243,1.9922589634454,8.6461699148132e-05,0,1,15.4114741444916,8.64616991481322e-05,FALSE,0.00125570897830907,206,GP9,glycoprotein IX platelet
956,-1,-1.05512352260655,-1.52709874011485,-0.583148305098247,1.17813825219906e-05,0,1,19.1983719662372,1.17813825219906e-05,FALSE,0.000266693642341373,207,ENTPD3,ectonucleoside triphosphate diphosphohydrolase 3
3926,-1,-1.54781838850303,-2.36591965317927,-0.72971712382679,0.000208752689865151,0,1,13.7506129494149,0.000208752689865151,FALSE,0.00242368452531115,208,,
2100,-1,-1.25890266198395,-1.87535306988485,-0.642452254083054,6.26503991788212e-05,0,1,16.0207999406321,6.26503991788211e-05,FALSE,0.000985641418101379,209,ESR2,estrogen receptor 2
237,1,2.69464433516788,1.07731929291368,4.31196937742208,0.00109263628869126,0,1,10.6636151204125,0.00109263628869126,FALSE,0.00849781620302688,210,,
15456,-1,-1.12753821491487,-1.65231586085783,-0.602760568971908,2.54037723148165e-05,0,1,17.7340556960991,2.54037723148165e-05,FALSE,0.000476555951016835,211,,
3295,-1,-1.53415249556671,-2.34722267629153,-0.721082314841887,0.0002171469317883,0,1,13.6765694905712,0.0002171469317883,FALSE,0.00249965729433577,212,HSD17B4,hydroxysteroid 17-beta dehydrogenase 4
6125,-1,-1.03646791708638,-1.50059178106214,-0.572344053110617,1.20360081465206e-05,0,1,19.1575562983958,1.20360081465207e-05,FALSE,0.000270943916720565,213,RPL5,ribosomal protein L5
11562,-1,-1.15479082847289,-1.70221987901583,-0.607361777929951,3.55719697933056e-05,0,1,17.0941359282309,3.55719697933056e-05,FALSE,0.000632182550888046,214,,
1552,-1,-1.10139226642874,-1.61249475351158,-0.5902897793459,2.4043748524736e-05,0,1,17.8387425949167,2.4043748524736e-05,FALSE,0.000461304103967473,215,,
15563,-1,-1.17596182729574,-1.74334852936566,-0.608575125225825,4.86107231635503e-05,0,1,16.5015342426618,4.86107231635502e-05,FALSE,0.000807256763355351,218,,
786,1,1.06656805609995,0.576007364448636,1.55712874775126,2.03225056039354e-05,0,1,18.1588288662349,2.03225056039354e-05,FALSE,0.000403660748564443,219,CACNG1,calcium voltage-gated channel auxiliary subunit gamma 1
1466,1,1.49901011280193,0.702114330406314,2.29590589519755,0.000227079980790857,0,1,13.5925910534615,0.000227079980790857,FALSE,0.00259923187052134,220,CSRP2,cysteine and glycine rich protein 2
572,-1,-1.6526733443934,-2.55849302302562,-0.74685366576118,0.000348937209671282,0,1,12.787531730155,0.000348937209671282,FALSE,0.0035794774014887,221,BAD,BCL2 associated agonist of cell death
604,-1,-1.87360455115046,-2.94014600727353,-0.80706309502739,0.000575109445772036,0,1,11.8548637078739,0.000575109445772036,FALSE,0.00529623516879157,223,BCL6,BCL6 transcription repressor
1526,-1,-1.10822432282733,-1.63519031244578,-0.581258333208882,3.75826436888696e-05,0,1,16.9897255663968,3.75826436888696e-05,FALSE,0.000659241871113852,224,,
955,1,1.12436569987865,0.585890398380495,1.66284100137681,4.26726370421567e-05,0,1,16.7486490607812,4.26726370421565e-05,FALSE,0.000723470817133134,225,ENTPD6,ectonucleoside triphosphate diphosphohydrolase 6
611,-1,-1.45632833996381,-2.23366463266624,-0.678992047261375,0.000240693335537105,0,1,13.4833216324339,0.000240693335537105,FALSE,0.0027242720547384,227,OPN1SW,"opsin 1, short wave sensitive"
915,1,1.06983849648902,0.566023590306958,1.57365340267108,3.15562099238732e-05,0,1,17.3217034536235,3.15562099238732e-05,FALSE,0.00057338907000688,228,CD3D,CD3 delta subunit of T-cell receptor complex
2094,1,1.06025759101308,0.560466927694674,1.56004825433149,3.21222857392666e-05,0,1,17.2879176684945,3.21222857392666e-05,FALSE,0.000578486674735593,230,,
556,-1,-1.68317201324428,-2.625966639356,-0.740377387132562,0.000466787174200933,0,1,12.2438778414435,0.000466787174200932,FALSE,0.0045141327681675,231,,
6805,-1,-1.19213597786189,-1.79438676120475,-0.589885194519033,0.000104591646993257,0,1,15.0519589319402,0.000104591646993257,FALSE,0.00145138819731739,235,,
2170,-1,-1.4443009958069,-2.22719605895031,-0.661405932663491,0.000299442212858182,0,1,13.0738800018549,0.000299442212858182,FALSE,0.0031846190196886,237,FABP3,fatty acid binding protein 3
2019,-1,-1.22033948110975,-1.84643245189985,-0.594246510319647,0.000133325315901035,0,1,14.59418510211,0.000133325315901035,FALSE,0.00170420876981386,238,EN1,engrailed homeobox 1
296,-2,-1.78524795607144,-2.81387364766461,-0.756622264478264,0.000669810471487347,1.66302409098511,0.197195511341418,11.5712036317175,0.000669810471487348,FALSE,0.00595191234751476,239,,
3387,-1,-1.07643095604011,-1.6035833940658,-0.549278518014416,6.27580172433751e-05,0,1,16.0175504534434,6.27580172433751e-05,FALSE,0.000985641418101379,242,,
2734,-1,-1.01881907461594,-1.50570015367313,-0.531937995558749,4.1082338865792e-05,0,1,16.8207176813676,4.10823388657919e-05,FALSE,0.000708364413124208,243,GLG1,golgi glycoprotein 1
428,-1,-1.08355062643194,-1.61705399208165,-0.550047260782234,6.87108058112474e-05,0,1,15.8460225650737,6.87108058112475e-05,FALSE,0.00105460676192112,244,,
465,-1,-1.21564208911169,-1.84382763197542,-0.587456546247958,0.0001489270013258,0,1,14.3857253294052,0.0001489270013258,FALSE,0.0018682730940314,246,,
23958,-1,-1.33812686533324,-2.05662145719771,-0.619632273468766,0.000261991469259098,0,1,13.3242801399455,0.000261991469259098,FALSE,0.00289261426004868,249,,
2739,-1,-1.18641923854282,-1.79642502662475,-0.576413450460887,0.000137849698785477,0,1,14.5313054297136,0.000137849698785477,FALSE,0.0017455218108711,250,GLO1,glyoxalase I
1232,-1,-1.02669177309222,-1.52260323549847,-0.530780310685967,4.95502626727066e-05,0,1,16.4652395232919,4.95502626727065e-05,FALSE,0.000813953539291429,251,CCR3,C-C motif chemokine receptor 3
1005,-1,-1.24130717642221,-1.89254431411565,-0.590070038728766,0.000187090047743552,0,1,13.9564960432467,0.000187090047743551,FALSE,0.00222313452626648,254,CDH7,cadherin 7
4485,1,1.71278193210069,0.721798651912481,2.7037652122889,0.000705236265047161,0,1,11.475395798035,0.00070523626504716,FALSE,0.00622133396266225,255,MST1,macrophage stimulating 1
11907,1,1.35225436494716,0.619059979509007,2.08544875038531,0.000300549844409113,0,1,13.0669643055221,0.000300549844409113,FALSE,0.00318803133388933,256,,
549,-1,-1.45349989643504,-2.26161697821091,-0.645382814659172,0.000423097724894175,0,1,12.4273239254645,0.000423097724894175,FALSE,0.00417127002742384,258,AUH,AU RNA binding methylglutaconyl-CoA hydratase
329,-1,-1.36260798121745,-2.10801440404934,-0.617201558385556,0.000339895182667957,0,1,12.8366522971521,0.000339895182667957,FALSE,0.00350446636175715,259,BIRC2,baculoviral IAP repeat containing 2
5500,1,1.08424888001786,0.538601377855273,1.62989638218045,9.83534768670959e-05,0,1,15.1680518146297,9.8353476867096e-05,FALSE,0.00139665641475979,260,PPP1CB,protein phosphatase 1 catalytic subunit beta
7551,-1,-1.29573105795321,-1.99517130179603,-0.596290814110392,0.000282452407199664,0,1,13.1833167206029,0.000282452407199664,FALSE,0.00306835698116096,261,ZNF3,zinc finger protein 3
2014,-1,-1.45771602597071,-2.27733458641743,-0.638097465523995,0.000490568056182734,0,1,12.1511804330132,0.000490568056182734,FALSE,0.00464434991507579,265,EMP3,epithelial membrane protein 3 (MAM blood group)
5028,1,1.15687894070555,0.552013881392826,1.76174400001827,0.000177772993860962,0,1,14.052546060109,0.000177772993860962,FALSE,0.00213117210391899,268,P2RY1,purinergic receptor P2Y1
920,1,1.22996216895329,0.571757119534819,1.88816721837176,0.000249757514107357,0,1,13.4139681259268,0.000249757514107357,FALSE,0.00280864907257144,270,CD4,CD4 molecule
19791,-1,-1.23025054181941,-1.89488172427488,-0.565619359363938,0.000285683803715573,0,1,13.1619999744574,0.000285683803715573,FALSE,0.00308648547290553,274,,
27543,-1,-1.06850194045603,-1.61682333626467,-0.520180544647392,0.000133809733824215,0,1,14.5873508031303,0.000133809733824216,FALSE,0.00170502214294252,275,,
5440,1,1.36323730906832,0.601046222409771,2.12542839572687,0.00045567149888357,0,1,12.2888537983277,0.000455671498883569,FALSE,0.00444478373877708,276,POLR2K,"RNA polymerase II, I and III subunit K"
10099,-1,-1.02807818177148,-1.55129933265535,-0.504857030887611,0.000117570815085655,0,1,14.8312543705022,0.000117570815085655,FALSE,0.00156709520633905,282,TSPAN3,tetraspanin 3
1669,-1,-1.01429277243258,-1.53328624925336,-0.495299295611805,0.000127910385147085,0,1,14.6723286103307,0.000127910385147085,FALSE,0.00164902475869482,284,DEFA4,defensin alpha 4
699,-1,-1.16165305555693,-1.78810393259536,-0.535202178518501,0.000278585033318251,0,1,13.2091544138804,0.000278585033318251,FALSE,0.00305419300639672,285,BUB1,BUB1 mitotic checkpoint serine/threonine kinase
250,1,1.78744112604602,0.699080707924034,2.87580154416801,0.00128684639237702,0,1,10.3612987645025,0.00128684639237702,FALSE,0.00953254402543273,296,ALPP,"alkaline phosphatase, placental"
20165,-1,-10.1694439546393,-17.005848066418,-3.33303984286062,0.00355084532145224,0,1,8.50031741038751,0.00355084532145223,FALSE,0.0209737977296275,297,,
6023,-1,-1.73262802587585,-2.78665774345357,-0.678598308298134,0.00127381449481124,0,1,10.3800905174041,0.00127381449481124,FALSE,0.00946722972594987,300,,
426,-1,-1.14491241177621,-1.7723846732346,-0.517440150317823,0.000348580810854522,0,1,12.7894434337449,0.000348580810854523,FALSE,0.0035794774014887,301,,
571,1,1.1667761321569,0.522406354904702,1.8111459094091,0.000386763501953595,0,1,12.5950799862227,0.000386763501953595,FALSE,0.00390814391500241,303,BACH1,BTB domain and CNC homolog 1
1003,1,1.01948097193263,0.481030889470005,1.55793105439526,0.000206506139743864,0,1,13.7709383822569,0.000206506139743864,FALSE,0.00241142039839232,307,CDH5,cadherin 5
2344,1,1.37374774937808,0.569376093053178,2.17811940570298,0.000815944782925041,0,1,11.2046076109743,0.000815944782925041,FALSE,0.00684419618921969,316,,
9203,-1,-1.47286242078575,-2.35559944397456,-0.59012539759694,0.00107458263299655,0,1,10.6944353984902,0.00107458263299656,FALSE,0.00838961238709448,323,ZMYM3,zinc finger MYM-type containing 3
548,-1,-1.53438831311971,-2.46448446720651,-0.604292159032908,0.00122338619392013,0,1,10.4546873296019,0.00122338619392013,FALSE,0.00923121202563197,325,,
688,1,1.10022138340262,0.489133245619241,1.711309521186,0.000417483426108825,0,1,12.4522731317692,0.000417483426108825,FALSE,0.00413604606990943,327,KLF5,KLF transcription factor 5
390,-1,-1.58396137826624,-2.56144586324287,-0.606476893289611,0.00149312246947249,0,1,10.0870834175177,0.00149312246947249,FALSE,0.0106249085190054,337,RND3,Rho family GTPase 3
65990,-1,-1.20250713884131,-1.90097616721846,-0.504038110464162,0.000739934153853556,0,1,11.3861578948418,0.000739934153853556,FALSE,0.00645294492803584,339,ANTKMT,adenine nucleotide translocase lysine methyltransferase
3213,1,1.40744112870781,0.555258468489562,2.25962378892606,0.00120784147718165,0,1,10.4783106952408,0.00120784147718165,FALSE,0.00913092101779858,340,HOXB3,homeobox B3
3500,1,1.01048033263583,0.448032170981857,1.5729284942898,0.000429562194224506,0,1,12.3990071075914,0.000429562194224506,FALSE,0.00421449397336004,344,,
5108,-1,-1.21562900267385,-1.93374500624915,-0.497512999098546,0.000907186661205585,0,1,11.0080166411737,0.000907186661205585,FALSE,0.0073733461687923,350,PCM1,pericentriolar material 1
701,-1,-1.68764828825677,-2.75576157455418,-0.619535001959362,0.00195623884506296,0,1,9.59015074817455,0.00195623884506296,FALSE,0.0130803297032923,353,BUB1B,BUB1 mitotic checkpoint serine/threonine kinase B
638,1,3.35975913221386,1.09854669711128,5.62097156731644,0.00358941525059855,0,1,8.48066167543455,0.00358941525059855,FALSE,0.021102051888611,355,BIK,BCL2 interacting killer
353,-1,-1.18591180036981,-1.889214587152,-0.482609013587622,0.0009501075665283,0,1,10.9223549644839,0.000950107566528299,FALSE,0.00763856321343784,360,APRT,adenine phosphoribosyltransferase
1477,-1,-1.05360560474593,-1.66081817316291,-0.446393036328953,0.000671806541203241,0,1,11.5656706780892,0.000671806541203241,FALSE,0.00595658666292239,365,CSTF1,cleavage stimulation factor subunit 1
1391,1,1.18033815920581,0.473931405672018,1.8867449127396,0.00105694719032007,0,1,10.7250516451945,0.00105694719032007,FALSE,0.00832719852590529,373,,
1957,-1,-1.1368080693516,-1.81537140937812,-0.45824472932508,0.00102505126451908,0,1,10.7817607812152,0.00102505126451909,FALSE,0.00812819515426875,379,,
1165,1,1.40954514151064,0.52351964136885,2.29557064165243,0.00182061745202602,0,1,9.72213657157161,0.00182061745202602,FALSE,0.0123363577184104,386,,
8361,-1,-1.08414501145233,-1.72755970060936,-0.440730322295302,0.000958227517770202,0,1,10.9065900736866,0.000958227517770202,FALSE,0.0076673205885983,388,H4C6,H4 clustered histone 6
168,-1,-1.09602634649531,-1.75265005124407,-0.439402641746552,0.00106962620685569,0,1,10.7029884225015,0.00106962620685569,FALSE,0.00836703743277851,396,,
3064,-1,-1.53531082369562,-2.52209951206124,-0.548522135330002,0.00229267633908863,0,1,9.2990906280556,0.00229267633908863,FALSE,0.0148946414572471,399,HTT,huntingtin
15,-2,-2.75603604053414,-4.63219377396237,-0.879878307105906,0.00398754126273856,4.39861222597475,0.03596818823201,8.28947968197832,0.00398754126273856,FALSE,0.0225663647997439,405,AANAT,aralkylamine N-acetyltransferase
703,1,1.16784079907169,0.451832152498404,1.88384944564498,0.00138968328665008,0,1,10.2194361633818,0.00138968328665008,FALSE,0.0101095092953432,406,,
3753,-1,-1.14962187631937,-1.8532101612749,-0.446033591363843,0.00136256442243475,0,1,10.2557876878719,0.00136256442243474,FALSE,0.00994794781928935,408,KCNE1,potassium voltage-gated channel subfamily E regulatory subunit 1
445,-1,-1.03303319789346,-1.65183253565387,-0.414233860133052,0.00106791755485598,0,1,10.7059462414234,0.00106791755485598,FALSE,0.00836703743277851,415,ASS1,argininosuccinate synthase 1
720,-1,-1.83204075780057,-3.04692470361732,-0.617156811983818,0.00312042436238095,0,1,8.7356828481732,0.00312042436238095,FALSE,0.0188715813677128,417,C4A,complement C4A (Chido/Rodgers blood group)
439492,-1,-1.08943110899146,-1.75420204685332,-0.4246601711296,0.00131813350481719,0,1,10.3169583488073,0.00131813350481719,FALSE,0.00968166379925608,427,,
37,-2,-1.5010243818968,-2.47674086142608,-0.525307902367525,0.00256832938312293,1.91443752365139,0.166471163394419,9.09126663590068,0.00256832938312294,FALSE,0.0162861825671583,431,ACADVL,acyl-CoA dehydrogenase very long chain
4776,-1,-1.12850442379795,-1.82572895101325,-0.431279896582648,0.00151219763619384,0,1,10.0636934865147,0.00151219763619384,FALSE,0.0106547743705307,435,NFATC4,nuclear factor of activated T cells 4
288,1,1.10497835663414,0.424454116525089,1.78550259674319,0.00146047018518617,0,1,10.1278328824361,0.00146047018518617,FALSE,0.0104925978552737,438,ANK3,ankyrin 3
3706,-1,-1.22277200987119,-1.99628104172714,-0.449262978015243,0.0019461215896307,0,1,9.59967171653593,0.0019461215896307,FALSE,0.0130341895556754,445,ITPKA,inositol-trisphosphate 3-kinase A
2980,-1,-1.07473952694592,-1.7368792951492,-0.412599758742639,0.00146626785266028,0,1,10.120530559512,0.00146626785266028,FALSE,0.0105156059096982,446,GUCA2A,guanylate cyclase activator 2A
5563,-1,-1.38586559352975,-2.28527829660889,-0.486452890450613,0.00252755861026008,0,1,9.12053624062651,0.00252755861026008,FALSE,0.0160779709399903,448,PRKAA2,protein kinase AMP-activated catalytic subunit alpha 2
5423,1,3.89026450568812,1.1666983572811,6.61383065409514,0.00511728016371852,0,1,7.83751866797549,0.00511728016371853,FALSE,0.0272271597328432,454,POLB,DNA polymerase beta
3693,-1,-1.08588049856954,-1.76329233365295,-0.408468663486134,0.00167917630372567,0,1,9.87085311751459,0.00167917630372567,FALSE,0.0115911795275918,459,ITGB5,integrin subunit beta 5
2824,-1,-1.13741825057263,-1.85746799641408,-0.417368504731183,0.0019612758498387,0,1,9.58542920931456,0.0019612758498387,FALSE,0.0130924048493351,463,GPM6B,glycoprotein M6B
96368,1,1.06358588765286,0.397006978763618,1.7301647965421,0.00176421775987335,0,1,9.77998476435891,0.00176421775987334,FALSE,0.0120753553429169,466,,
2248,1,1.66798560467552,0.54012285198593,2.79584835736511,0.00374865891622523,0,1,8.40172126909069,0.00374865891622524,FALSE,0.0216547106701607,474,FGF3,fibroblast growth factor 3
1869,-1,-1.11611890045087,-1.83082707323407,-0.401410727667669,0.00220773239264785,0,1,9.36827456427886,0.00220773239264785,FALSE,0.014428599443563,479,E2F1,E2F transcription factor 1
354,1,1.0898716534951,0.388214302140463,1.79152900484974,0.0023316309884631,0,1,9.26822859573915,0.00233163098846311,FALSE,0.015116430024404,497,KLK3,kallikrein related peptidase 3
400,-1,-1.11210272780517,-1.83687274978666,-0.387332705823679,0.00263483315979685,0,1,9.04452056631151,0.00263483315979684,FALSE,0.0166817874429638,513,ARL1,ADP ribosylation factor like GTPase 1
417,-1,-1.00447175097622,-1.64713631430435,-0.361807187648093,0.00218848902839854,0,1,9.38432262526793,0.00218848902839853,FALSE,0.0143483844762292,515,ART1,ADP-ribosyltransferase 1
3215,1,1.21377979368692,0.40889622567407,2.01866336169977,0.0031199766233757,0,1,8.73594450036789,0.0031199766233757,FALSE,0.0188715813677128,518,HOXB5,homeobox B5
24,2,1.04639680559811,0.369562600456817,1.72323101073941,0.00244443207698693,1.29083126026712,0.25589481649095,9.18172741513435,0.00244443207698694,FALSE,0.0156474546223555,519,ABCA4,ATP binding cassette subfamily A member 4
1845,1,1.02288335074778,0.363790700888805,1.68197600060675,0.00235184087035872,0,1,9.25242268269923,0.00235184087035872,FALSE,0.0151504915845684,520,DUSP3,dual specificity phosphatase 3
1931,-1,-1.20803949780734,-2.01011982673827,-0.405959168876411,0.00315757636443638,0,1,8.71410361355115,0.00315757636443638,FALSE,0.0190394336736551,522,,
1766,-1,-1.40227084877533,-2.35450389600387,-0.450037801546789,0.00389839278155105,0,1,8.33054652877615,0.00389839278155105,FALSE,0.0222482923251336,528,,
1164,-1,-1.07439557242833,-1.78758378932675,-0.361207355529912,0.00315085520004639,0,1,8.71798833117913,0.00315085520004639,FALSE,0.0190272209695797,551,CKS2,CDC28 protein kinase regulatory subunit 2
1696,1,1.57016799541884,0.470885165606373,2.66945082523131,0.00511774270799676,0,1,7.83735528451385,0.00511774270799676,FALSE,0.0272271597328432,572,,
2225,-1,-1.29610302780516,-2.18807384017603,-0.404132215434293,0.00439976552812421,0,1,8.11099148869848,0.00439976552812421,FALSE,0.0242226221738578,573,,
1379,1,1.62667733121091,0.484210587263995,2.76914407515782,0.00526017275731631,0,1,7.78774776808302,0.0052601727573163,FALSE,0.0276449027401371,574,CR1L,complement C3b/C4b receptor 1 like
2121,-1,-1.16649068818927,-1.96028134546695,-0.372700030911587,0.00397416803154139,0,1,8.29558024049007,0.00397416803154138,FALSE,0.0225221382710569,576,EVC,EvC ciliary complex subunit 1
966,1,1.23805580323999,0.387886038008394,2.08822556847159,0.00431469188751971,0,1,8.14639211593213,0.00431469188751971,FALSE,0.0239823477753496,579,CD59,CD59 molecule (CD59 blood group)
2723,-1,-1.63931133756057,-2.79478404855883,-0.483838626562311,0.00542464328846749,0,1,7.73213949976321,0.00542464328846748,FALSE,0.0283255858310184,584,,
2780,-1,-1.25123866107537,-2.12311129470035,-0.379366027450389,0.00491158013881355,0,1,7.91171071575184,0.00491158013881354,FALSE,0.02653563029663,607,GNAT2,G protein subunit alpha transducin 2
3460,-1,-1.15509087252371,-1.95450194148042,-0.355679803566998,0.00462570593433503,0,1,8.02025490384267,0.00462570593433503,FALSE,0.025328865467467,611,IFNGR2,interferon gamma receptor 2
1728,-1,-1.47013471561613,-2.51153223691907,-0.42873719431319,0.00565973967944922,0,1,7.65556712739341,0.00565973967944923,FALSE,0.0291113072818803,618,NQO1,NAD(P)H quinone dehydrogenase 1
16794,-1,-1.34554197673596,-2.29571078447151,-0.395373169000408,0.0055113280257154,0,1,7.70351877666342,0.00551132802571541,FALSE,0.028650888845029,630,,
698,1,1.08850890721295,0.332043155823632,1.84497465860227,0.00479831406537962,0,1,7.95392727456781,0.00479831406537962,FALSE,0.0260976759636486,640,,
6708,-1,-1.28545001271254,-2.19878996586134,-0.372110059563744,0.00580697429352239,0,1,7.60924655155011,0.00580697429352239,FALSE,0.0296345841780261,651,SPTA1,"spectrin alpha, erythrocytic 1"
646,-1,-1.43254199689299,-2.47586876648867,-0.389215227297314,0.00712098771410664,0,1,7.24219486753625,0.00712098771410665,FALSE,0.0345146438009092,695,BNC1,basonuclin zinc finger protein 1
1598,-1,-1.08048091011094,-1.85462482983084,-0.306336990391042,0.00622775250177488,0,1,7.48319330846932,0.00622775250177487,FALSE,0.0315041861887538,698,,
597,-1,-1.04773009139923,-1.80316761984617,-0.292292562952286,0.00656163668024187,0,1,7.38920822488287,0.00656163668024188,FALSE,0.0326230083783314,718,BCL2A1,BCL2 related protein A1
436,1,1.08165306222078,0.296598857269702,1.86670726717186,0.00692453686175348,0,1,7.29243995757546,0.0069245368617535,FALSE,0.0337644083800543,729,,
518,1,1.2353506897225,0.329221237568354,2.14148014187665,0.00753845405088271,0,1,7.13996713747494,0.00753845405088272,FALSE,0.0357697196987268,739,ATP5MC3,ATP synthase membrane subunit c locus 3
4997,-1,-1.0436376429581,-1.8024734849559,-0.284801800960298,0.00702691281917022,0,1,7.26607675544032,0.00702691281917022,FALSE,0.0342224167587473,740,,
7,2,2.01397633721482,0.507922671782979,3.52003000264667,0.00876800436975984,3.19828756355962,0.0737154177215249,6.86948238754638,0.00876800436975987,FALSE,0.0397117644518386,756,,
351,1,1.1126006752665,0.294725333583081,1.93047601694992,0.00767034333334761,0,1,7.10887030420732,0.00767034333334761,FALSE,0.0362240456721731,759,APP,amyloid beta precursor protein
84,2,1.33793511355997,0.345827435085153,2.3300427920348,0.0082134914403922,3.51911936261607,0.0606646730213996,6.98632305153789,0.0082134914403922,FALSE,0.0379920859777046,764,,
1071,-1,-1.53436970267068,-2.68183213338736,-0.386907271953999,0.00877147808104531,0,1,6.86877452853997,0.00877147808104529,FALSE,0.0397117644518386,781,CETP,cholesteryl ester transfer protein
496,-1,-10.6392228873126,-18.7040940873253,-2.57435168729991,0.00972109737368881,0,1,6.68530344828906,0.00972109737368883,FALSE,0.042583661143986,789,ATP4B,ATPase H+/K+ transporting subunit beta
203,-1,-1.36126778139442,-2.39333905894662,-0.329196503842224,0.0097342997879011,0,1,6.68288410753342,0.0097342997879011,FALSE,0.0425954457241634,839,AK1,adenylate kinase 1
1718,1,1.32641393515498,0.316753779666392,2.33607409064357,0.0100283541126477,0,1,6.62985298223237,0.0100283541126478,FALSE,0.0434597763256136,858,DHCR24,24-dehydrocholesterol reductase
834,1,1.33793053343907,0.319200836571537,2.3566602303066,0.010050591262212,0,1,6.62590766245916,0.010050591262212,FALSE,0.0435096108915417,859,CASP1,caspase 1
1372,-1,-1.1345780635986,-1.99700419543245,-0.272151931764746,0.00992415028846239,0,1,6.64846110453104,0.00992415028846239,FALSE,0.0431466276489802,864,,
21,2,1.84372474232111,0.429804686038328,3.25764479860389,0.0105957512596478,3.11103144529519,0.0777636997915745,6.53188665279629,0.0105957512596477,FALSE,0.0455507157427436,877,ABCA3,ATP binding cassette subfamily A member 3
1088,-1,-1.05208933255647,-1.8528636295915,-0.251315035521443,0.0100217148747214,0,1,6.63103265563966,0.0100217148747214,FALSE,0.0434597763256136,878,CEACAM8,CEA cell adhesion molecule 8
325,-1,-1.12030186646399,-1.99427700534201,-0.246326727585972,0.0119922350725587,0,1,6.31201676013166,0.0119922350725587,FALSE,0.0492824913935172,977,APCS,"amyloid P component, serum"
