Gene_Symbol,log2FC,P.Value,Gene_Description,Significance
CLCN4,-4.46524127401365,5.0903205131856e-19,chloride voltage-gated channel 4,Down
RUNX1,-3.83180447184035,1.62413380859503e-25,RUNX family transcription factor 1,Down
ALDOA,-4.31642683441176,1.76155262817311e-15,"aldolase, fructose-bisphosphate A",Down
CA8,-3.75908504263692,3.55588006307358e-18,carbonic anhydrase 8,Down
AMFR,-3.65005180639563,1.81583773138515e-18,autocrine motility factor receptor,Down
TEX28,-2.98397003303626,3.65681453339343e-35,testis expressed 28,Down
TUBG1,-2.65737269713737,3.54225834734055e-63,tubulin gamma 1,Down
ATP6V1G2,-3.14711899850026,2.6246736772332e-18,ATPase H+ transporting V1 subunit G2,Down
BCKDHB,4.53092675477889,1.51569378000388e-08,branched chain keto acid dehydrogenase E1 subunit beta,Up
CDH3,-2.88266559776745,1.01358462599486e-15,cadherin 3,Down
KHK,-2.64427052986542,4.94648088253766e-19,ketohexokinase,Down
AP2M1,-2.39054760639564,2.74814084901454e-18,adaptor related protein complex 2 subunit mu 1,Down
AMY2B,-2.95322404536215,5.85452442353311e-11,amylase alpha 2B,Down
GALR2,3.35187754345437,3.36674451257081e-09,galanin receptor 2,Up
BMPR2,-2.2316012167918,1.18990752888314e-18,bone morphogenetic protein receptor type 2,Down
ATP1A3,-3.51400019712178,1.24808836639786e-08,ATPase Na+/K+ transporting subunit alpha 3,Down
COL8A1,-2.2365329380214,1.42513914483059e-15,collagen type VIII alpha 1 chain,Down
HERC3,1.96472473302768,1.74198630646726e-19,HECT and RLD domain containing E3 ubiquitin protein ligase 3,Up
BRCA1,-2.40514125671451,3.4703995202231e-12,BRCA1 DNA repair associated,Down
CD79A,-2.33246781697853,1.63904537782551e-12,CD79a molecule,Down
APLP2,-2.34836369880508,1.01802940264331e-11,amyloid beta precursor like protein 2,Down
CLCN5,-2.26472477818071,1.45821042916366e-11,chloride voltage-gated channel 5,Down
ATP2A1,-2.51356904392992,1.3280387731882e-09,ATPase sarcoplasmic/endoplasmic reticulum Ca2+ transporting 1,Down
IFI35,-2.89410513346177,5.48591967714028e-08,interferon induced protein 35,Down
NF1,-2.5471669313298,4.86331958124031e-09,neurofibromin 1,Down
DLD,-2.35511967473603,4.20307667334145e-09,dihydrolipoamide dehydrogenase,Down
MC2R,-7.07937561293795,0.00010259124503062,melanocortin 2 receptor,Down
CENPI,-2.06280615674209,9.6028304426729e-11,centromere protein I,Down
E2F4,-2.86146543952776,3.29088945649653e-07,E2F transcription factor 4,Down
AMPH,-3.1768085890762,1.65760848775987e-06,amphiphysin,Down
ELF5,-1.6738527797512,1.15507226131745e-15,E74 like ETS transcription factor 5,Down
HPS1,2.38525825797034,2.17182551195274e-08,HPS1 biogenesis of lysosomal organelles complex 3 subunit 1,Up
ATP2B1,-2.28232630574843,8.84309130692487e-09,ATPase plasma membrane Ca2+ transporting 1,Down
FCGR3A,-2.18749194533853,2.99905886258168e-09,Fc gamma receptor IIIa,Down
MMP1,-2.03690412016611,5.77232773344481e-10,matrix metallopeptidase 1,Down
CA7,2.03306508339553,9.87901282040194e-10,carbonic anhydrase 7,Up
CD22,-2.69127194667274,5.53948608183679e-07,CD22 molecule,Down
CAPZA2,1.76261271193094,2.07693939724308e-11,capping actin protein of muscle Z-line subunit alpha 2,Up
RHOA,-2.09395034406453,4.87785691475433e-08,ras homolog family member A,Down
C8G,-4.52671571437519,7.63134417892817e-05,complement C8 gamma chain,Down
TSPO,-1.77788057060067,1.05230719888879e-09,translocator protein,Down
KRT84,-1.55312754861099,2.024616463481e-11,keratin 84,Down
APOH,-1.88262527858778,3.55078554153728e-08,apolipoprotein H,Down
CSN3,2.19252537896851,6.04728254693488e-07,casein kappa,Up
SLC29A1,-1.66996170456832,2.1191417008825e-09,solute carrier family 29 member 1 (Augustine blood group),Down
GSTA1,2.00051865101974,2.42817247443441e-07,glutathione S-transferase alpha 1,Up
CHAD,-2.08795896924202,6.93294949731641e-07,chondroadherin,Down
BSG,2.25425605609664,2.33322445113189e-06,basigin (Ok blood group),Up
ADGRB1,-1.58253257184465,3.09239406245929e-09,adhesion G protein-coupled receptor B1,Down
APBA1,-1.49603582967923,1.3001261259764e-09,amyloid beta precursor protein binding family A member 1,Down
AQP8,1.62058354195537,2.44332810895369e-08,aquaporin 8,Up
CFL2,-1.76662339590985,1.6629014574388e-07,cofilin 2,Down
CLTA,-1.93196889578377,9.87413822448883e-07,clathrin light chain A,Down
DAPK3,-1.54456750288542,4.36943855860666e-08,death associated protein kinase 3,Down
CCR8,-1.36063446713418,1.18365588155164e-09,C-C motif chemokine receptor 8,Down
CDH17,-1.38405493696055,4.33447341163972e-09,cadherin 17,Down
CTH,-1.69389511672304,4.74327193704594e-07,cystathionine gamma-lyase,Down
CDK5,1.42893311164536,1.96445407580649e-08,cyclin dependent kinase 5,Up
CAPN2,1.97559329028572,4.97503070143235e-06,calpain 2,Up
SERPINA6,1.20969804736702,5.89723579051378e-11,serpin family A member 6,Up
ATP7A,-1.76521972183781,2.27888985959478e-06,ATPase copper transporting alpha,Down
ELANE,-1.5795322463242,6.70583246764594e-07,"elastase, neutrophil expressed",Down
BMP5,-1.66289463112681,1.4628171301499e-06,bone morphogenetic protein 5,Down
DLST,1.42904705116137,1.09062949261119e-07,dihydrolipoamide S-succinyltransferase,Up
CENPB,1.35816170494181,4.15055151053603e-08,centromere protein B,Up
MAP2K7,7.59970876499379,0.000777734460951058,mitogen-activated protein kinase kinase 7,Up
CA2,-1.42836516941056,1.63083133784793e-07,carbonic anhydrase 2,Down
BMI1,1.45597375678171,2.42482785478755e-07,"BMI1 proto-oncogene, polycomb ring finger",Up
CASP10,-1.71492302290184,3.05410858716592e-06,caspase 10,Down
ABAT,1.38113242560079,1.28773589027639e-07,4-aminobutyrate aminotransferase,Up
UTY,-1.47840244840467,7.26324632371689e-07,"ubiquitously transcribed tetratricopeptide repeat containing, Y-linked",Down
CLK2,1.63850048520065,3.38592086647665e-06,CDC like kinase 2,Up
ABCF1,1.7605032666738,7.53564333080433e-06,ATP binding cassette subfamily F member 1,Up
BTC,1.45844298815314,7.37661437495704e-07,betacellulin,Up
GNA15,-1.55334833235703,2.03351937798255e-06,G protein subunit alpha 15,Down
CEBPA,-1.23308945117595,2.87826042166336e-08,CCAAT enhancer binding protein alpha,Down
HLA-DOB,-1.18631198222801,1.00085795393678e-08,"major histocompatibility complex, class II, DO beta",Down
ADORA2B,1.84012571513376,1.55593177945561e-05,adenosine A2b receptor,Up
CYBB,1.01140679541526,2.60222302663628e-11,cytochrome b-245 beta chain,Up
QSOX1,1.12949677972624,7.95385953048131e-09,quiescin sulfhydryl oxidase 1,Up
BNIP1,-1.5200603849156,3.59728065771469e-06,BCL2 interacting protein 1,Down
ENSA,-1.8519848919521,2.50634851134817e-05,endosulfine alpha,Down
TYRP1,-1.34381553711223,6.23712451770669e-07,tyrosinase related protein 1,Down
CNGB1,1.91803393675909,3.62341364221041e-05,cyclic nucleotide gated channel subunit beta 1,Up
DPYS,-2.35108496677085,0.000115851080313832,dihydropyrimidinase,Down
XIAP,-1.54901889242679,5.50556360442016e-06,X-linked inhibitor of apoptosis,Down
ENTPD2,-1.46008242785076,2.72311826883917e-06,ectonucleoside triphosphate diphosphohydrolase 2,Down
ATP5ME,1.27444728956525,3.80594157821155e-07,ATP synthase membrane subunit e,Up
ATP6V1E1,-1.35805161275915,1.23791811319058e-06,ATPase H+ transporting V1 subunit E1,Down
CYP8B1,-1.93112040438747,4.94714258378438e-05,cytochrome P450 family 8 subfamily B member 1,Down
SLC25A6,-1.28797903840516,7.54114510336031e-07,solute carrier family 25 member 6,Down
CBFA2T3,2.02660425907287,7.25010281388653e-05,CBFA2/RUNX1 partner transcriptional co-repressor 3,Up
GATM,-1.51569011928561,7.35846663003432e-06,glycine amidinotransferase,Down
LMX1B,1.23256634320273,3.68556685597965e-07,LIM homeobox transcription factor 1 beta,Up
PLAAT4,-1.75030174908391,3.06703171803408e-05,phospholipase A and acyltransferase 4,Down
APEH,-1.49947950447472,7.65215979484843e-06,acylaminoacyl-peptide hydrolase,Down
COL9A2,-1.64767167308366,1.9266352126369e-05,collagen type IX alpha 2 chain,Down
NTN3,-1.57008159886909,1.25811070991017e-05,netrin 3,Down
EGR3,-2.20527956335743,0.000141605662566658,early growth response 3,Down
APEX1,-1.84844211853074,5.49324201522583e-05,apurinic/apyrimidinic endodeoxyribonuclease 1,Down
HIC1,1.52209179150296,1.49896082038272e-05,HIC ZBTB transcriptional repressor 1,Up
CLDN2,1.34365670958109,3.81454600350122e-06,claudin 2,Up
CD70,-1.52520364932481,1.99791091307062e-05,CD70 molecule,Down
NFATC3,1.08100280815135,1.7648358725176e-07,nuclear factor of activated T cells 3,Up
NDUFS2,1.07970648626388,1.85577304929933e-07,NADH:ubiquinone oxidoreductase core subunit S2,Up
CREBBP,-1.02858746796887,6.1247203280309e-08,CREB binding protein,Down
CACNB2,1.23244445728198,2.2836439399193e-06,calcium voltage-gated channel auxiliary subunit beta 2,Up
CDK11B,-1.18229023615772,1.58481195056871e-06,cyclin dependent kinase 11B,Down
FRK,-1.03566843226712,1.48769662024527e-07,fyn related Src family tyrosine kinase,Down
CHRM3,-1.73068491650647,8.35716931633003e-05,cholinergic receptor muscarinic 3,Down
GPX3,-1.11614277336354,1.04288031988367e-06,glutathione peroxidase 3,Down
NEDD9,1.83640602097561,0.000125496509656399,"neural precursor cell expressed, developmentally down-regulated 9",Up
CHEK1,1.07622963192219,5.73677753100681e-07,checkpoint kinase 1,Up
DLX4,1.11442168522045,1.08638983910031e-06,distal-less homeobox 4,Up
CBR1,-1.08522060216161,7.61081765015412e-07,carbonyl reductase 1,Down
ATP2A3,1.10243990497103,1.42923154908483e-06,ATPase sarcoplasmic/endoplasmic reticulum Ca2+ transporting 3,Up
VAMP8,-1.53182012425092,5.12815660149578e-05,vesicle associated membrane protein 8,Down
CLTC,1.59657868408127,9.87276248262618e-05,clathrin heavy chain,Up
ITGB1,-1.26379425411728,1.75592449287451e-05,integrin subunit beta 1,Down
BDNF,1.58781926085186,0.000100276582406524,brain derived neurotrophic factor,Up
RERE,1.53664864080067,9.03140017516977e-05,arginine-glutamic acid dipeptide repeats,Up
OPRK1,-1.23950615299893,1.74605249416024e-05,opioid receptor kappa 1,Down
NUDT2,1.20105568344229,1.28371754116851e-05,nudix hydrolase 2,Up
CYP1A2,-1.26859427303287,2.23188740595419e-05,cytochrome P450 family 1 subfamily A member 2,Down
PCYT2,1.55868397479487,0.000128194175466157,"phosphate cytidylyltransferase 2, ethanolamine",Up
ARHGAP6,-1.21431954583022,2.23701807468484e-05,Rho GTPase activating protein 6,Down
APOC2,1.16241836570925,1.51292374894601e-05,apolipoprotein C2,Up
CAMK4,1.11785336255854,1.05072038187295e-05,calcium/calmodulin dependent protein kinase IV,Up
BMP3,-1.09033626481049,8.4626178763831e-06,bone morphogenetic protein 3,Down
SPR,-1.43677484157493,9.56639707121743e-05,sepiapterin reductase,Down
EDN3,-1.59284064694761,0.000170401423698208,endothelin 3,Down
ARF3,1.14893890644536,1.96763861855113e-05,ADP ribosylation factor 3,Up
GSR,1.15062645768472,2.40961840273642e-05,glutathione-disulfide reductase,Up
BCHE,2.53325848292607,0.000908020665900137,butyrylcholinesterase,Up
EYA1,-1.03105342615884,8.07642164743774e-06,EYA transcriptional coactivator and phosphatase 1,Down
ATOH1,-1.31292674192087,7.82499386441653e-05,atonal bHLH transcription factor 1,Down
GP9,1.32882898452482,8.6461699148132e-05,glycoprotein IX platelet,Up
ENTPD3,-1.05512352260655,1.17813825219906e-05,ectonucleoside triphosphate diphosphohydrolase 3,Down
ESR2,-1.25890266198395,6.26503991788212e-05,estrogen receptor 2,Down
HSD17B4,-1.53415249556671,0.0002171469317883,hydroxysteroid 17-beta dehydrogenase 4,Down
RPL5,-1.03646791708638,1.20360081465206e-05,ribosomal protein L5,Down
CACNG1,1.06656805609995,2.03225056039354e-05,calcium voltage-gated channel auxiliary subunit gamma 1,Up
CSRP2,1.49901011280193,0.000227079980790857,cysteine and glycine rich protein 2,Up
BAD,-1.6526733443934,0.000348937209671282,BCL2 associated agonist of cell death,Down
BCL6,-1.87360455115046,0.000575109445772036,BCL6 transcription repressor,Down
ENTPD6,1.12436569987865,4.26726370421567e-05,ectonucleoside triphosphate diphosphohydrolase 6,Up
OPN1SW,-1.45632833996381,0.000240693335537105,"opsin 1, short wave sensitive",Down
CD3D,1.06983849648902,3.15562099238732e-05,CD3 delta subunit of T-cell receptor complex,Up
FABP3,-1.4443009958069,0.000299442212858182,fatty acid binding protein 3,Down
EN1,-1.22033948110975,0.000133325315901035,engrailed homeobox 1,Down
GLG1,-1.01881907461594,4.1082338865792e-05,golgi glycoprotein 1,Down
GLO1,-1.18641923854282,0.000137849698785477,glyoxalase I,Down
CCR3,-1.02669177309222,4.95502626727066e-05,C-C motif chemokine receptor 3,Down
CDH7,-1.24130717642221,0.000187090047743552,cadherin 7,Down
MST1,1.71278193210069,0.000705236265047161,macrophage stimulating 1,Up
AUH,-1.45349989643504,0.000423097724894175,AU RNA binding methylglutaconyl-CoA hydratase,Down
BIRC2,-1.36260798121745,0.000339895182667957,baculoviral IAP repeat containing 2,Down
PPP1CB,1.08424888001786,9.83534768670959e-05,protein phosphatase 1 catalytic subunit beta,Up
ZNF3,-1.29573105795321,0.000282452407199664,zinc finger protein 3,Down
EMP3,-1.45771602597071,0.000490568056182734,epithelial membrane protein 3 (MAM blood group),Down
P2RY1,1.15687894070555,0.000177772993860962,purinergic receptor P2Y1,Up
CD4,1.22996216895329,0.000249757514107357,CD4 molecule,Up
POLR2K,1.36323730906832,0.00045567149888357,"RNA polymerase II, I and III subunit K",Up
TSPAN3,-1.02807818177148,0.000117570815085655,tetraspanin 3,Down
DEFA4,-1.01429277243258,0.000127910385147085,defensin alpha 4,Down
BUB1,-1.16165305555693,0.000278585033318251,BUB1 mitotic checkpoint serine/threonine kinase,Down
ALPP,1.78744112604602,0.00128684639237702,"alkaline phosphatase, placental",Up
BACH1,1.1667761321569,0.000386763501953595,BTB domain and CNC homolog 1,Up
CDH5,1.01948097193263,0.000206506139743864,cadherin 5,Up
ZMYM3,-1.47286242078575,0.00107458263299655,zinc finger MYM-type containing 3,Down
KLF5,1.10022138340262,0.000417483426108825,KLF transcription factor 5,Up
RND3,-1.58396137826624,0.00149312246947249,Rho family GTPase 3,Down
ANTKMT,-1.20250713884131,0.000739934153853556,adenine nucleotide translocase lysine methyltransferase,Down
HOXB3,1.40744112870781,0.00120784147718165,homeobox B3,Up
PCM1,-1.21562900267385,0.000907186661205585,pericentriolar material 1,Down
BUB1B,-1.68764828825677,0.00195623884506296,BUB1 mitotic checkpoint serine/threonine kinase B,Down
BIK,3.35975913221386,0.00358941525059855,BCL2 interacting killer,Up
APRT,-1.18591180036981,0.0009501075665283,adenine phosphoribosyltransferase,Down
CSTF1,-1.05360560474593,0.000671806541203241,cleavage stimulation factor subunit 1,Down
H4C6,-1.08414501145233,0.000958227517770202,H4 clustered histone 6,Down
HTT,-1.53531082369562,0.00229267633908863,huntingtin,Down
AANAT,-2.75603604053414,0.00398754126273856,aralkylamine N-acetyltransferase,Down
KCNE1,-1.14962187631937,0.00136256442243475,potassium voltage-gated channel subfamily E regulatory subunit 1,Down
ASS1,-1.03303319789346,0.00106791755485598,argininosuccinate synthase 1,Down
C4A,-1.83204075780057,0.00312042436238095,complement C4A (Chido/Rodgers blood group),Down
ACADVL,-1.5010243818968,0.00256832938312293,acyl-CoA dehydrogenase very long chain,Down
NFATC4,-1.12850442379795,0.00151219763619384,nuclear factor of activated T cells 4,Down
ANK3,1.10497835663414,0.00146047018518617,ankyrin 3,Up
ITPKA,-1.22277200987119,0.0019461215896307,inositol-trisphosphate 3-kinase A,Down
GUCA2A,-1.07473952694592,0.00146626785266028,guanylate cyclase activator 2A,Down
PRKAA2,-1.38586559352975,0.00252755861026008,protein kinase AMP-activated catalytic subunit alpha 2,Down
POLB,3.89026450568812,0.00511728016371852,DNA polymerase beta,Up
ITGB5,-1.08588049856954,0.00167917630372567,integrin subunit beta 5,Down
GPM6B,-1.13741825057263,0.0019612758498387,glycoprotein M6B,Down
FGF3,1.66798560467552,0.00374865891622523,fibroblast growth factor 3,Up
E2F1,-1.11611890045087,0.00220773239264785,E2F transcription factor 1,Down
KLK3,1.0898716534951,0.0023316309884631,kallikrein related peptidase 3,Up
ARL1,-1.11210272780517,0.00263483315979685,ADP ribosylation factor like GTPase 1,Down
ART1,-1.00447175097622,0.00218848902839854,ADP-ribosyltransferase 1,Down
HOXB5,1.21377979368692,0.0031199766233757,homeobox B5,Up
ABCA4,1.04639680559811,0.00244443207698693,ATP binding cassette subfamily A member 4,Up
DUSP3,1.02288335074778,0.00235184087035872,dual specificity phosphatase 3,Up
CKS2,-1.07439557242833,0.00315085520004639,CDC28 protein kinase regulatory subunit 2,Down
CR1L,1.62667733121091,0.00526017275731631,complement C3b/C4b receptor 1 like,Up
EVC,-1.16649068818927,0.00397416803154139,EvC ciliary complex subunit 1,Down
CD59,1.23805580323999,0.00431469188751971,CD59 molecule (CD59 blood group),Up
GNAT2,-1.25123866107537,0.00491158013881355,G protein subunit alpha transducin 2,Down
IFNGR2,-1.15509087252371,0.00462570593433503,interferon gamma receptor 2,Down
NQO1,-1.47013471561613,0.00565973967944922,NAD(P)H quinone dehydrogenase 1,Down
SPTA1,-1.28545001271254,0.00580697429352239,"spectrin alpha, erythrocytic 1",Down
BNC1,-1.43254199689299,0.00712098771410664,basonuclin zinc finger protein 1,Down
BCL2A1,-1.04773009139923,0.00656163668024187,BCL2 related protein A1,Down
ATP5MC3,1.2353506897225,0.00753845405088271,ATP synthase membrane subunit c locus 3,Up
APP,1.1126006752665,0.00767034333334761,amyloid beta precursor protein,Up
CETP,-1.53436970267068,0.00877147808104531,cholesteryl ester transfer protein,Down
ATP4B,-10.6392228873126,0.00972109737368881,ATPase H+/K+ transporting subunit beta,Down
AK1,-1.36126778139442,0.0097342997879011,adenylate kinase 1,Down
DHCR24,1.32641393515498,0.0100283541126477,24-dehydrocholesterol reductase,Up
CASP1,1.33793053343907,0.010050591262212,caspase 1,Up
ABCA3,1.84372474232111,0.0105957512596478,ATP binding cassette subfamily A member 3,Up
CEACAM8,-1.05208933255647,0.0100217148747214,CEA cell adhesion molecule 8,Down
APCS,-1.12030186646399,0.0119922350725587,"amyloid P component, serum",Down
CHRND,1.20836428010958,0.0131279245397493,cholinergic receptor nicotinic delta subunit,Up
ALOX12,1.21165551474269,0.0133902899938002,"arachidonate 12-lipoxygenase, 12S type",Up
FARSA,-1.07259571996681,0.0142838612942672,phenylalanyl-tRNA synthetase subunit alpha,Down
AOC1,-1.97700190388739,0.0158174392760693,amine oxidase copper containing 1,Down
AAMP,-2.16387975035407,0.0176571694965062,angio associated migratory cell protein,Down
NAT2,1.83124403491943,0.0190575857053023,N-acetyltransferase 2,Up
BCAT2,1.85034894718101,0.0193701953890015,branched chain amino acid transaminase 2,Up
ADAM8,1.33463911503535,0.0210733973205102,ADAM metallopeptidase domain 8,Up
RPS6,-1.09662680134721,0.0222529236388233,ribosomal protein S6,Down
DDX6,1.13747173228732,0.0248460565888639,DEAD-box helicase 6,Up
PLG,2.24814902626383,0.0250855515288603,plasminogen,Up
ABCA1,1.36545183367998,0.0321490792938113,ATP binding cassette subfamily A member 1,Up
CPS1,1.02080335943793,0.0337251132368291,carbamoyl-phosphate synthase 1,Up
AADAC,-1.72191714367813,0.0344261439377649,arylacetamide deacetylase,Down
HOXC4,-2.54618051138746,0.0379035272967107,homeobox C4,Down
CAV2,-1.03265553325335,0.0410439577518639,caveolin 2,Down
DVL3,-1.24867103650244,0.0472818682241672,dishevelled segment polarity protein 3,Down
ADARB1,1.99852766251595,0.049538599240865,adenosine deaminase RNA specific B1,Up
