Gene_ID,Gene_Symbol,Gene_Description,log2FoldChange,adjusted.P.Value,Regulation
1183,CLCN4,chloride voltage-gated channel 4,-4.46524127401365,5.0903205131856e-19,DOWN
861,RUNX1,RUNX family transcription factor 1,-3.83180447184035,1.62413380859503e-25,DOWN
226,ALDOA,"aldolase, fructose-bisphosphate A",-4.31642683441176,1.76155262817311e-15,DOWN
767,CA8,carbonic anhydrase 8,-3.75908504263692,3.55588006307358e-18,DOWN
267,AMFR,autocrine motility factor receptor,-3.65005180639563,1.81583773138515e-18,DOWN
1527,TEX28,testis expressed 28,-2.98397003303626,3.65681453339343e-35,DOWN
7283,TUBG1,tubulin gamma 1,-2.65737269713737,3.54225834734055e-63,DOWN
534,ATP6V1G2,ATPase H+ transporting V1 subunit G2,-3.14711899850026,2.6246736772332e-18,DOWN
594,BCKDHB,branched chain keto acid dehydrogenase E1 subunit beta,4.53092675477889,1.51569378000388e-08,UP
1001,CDH3,cadherin 3,-2.88266559776745,1.01358462599486e-15,DOWN
3795,KHK,ketohexokinase,-2.64427052986542,4.94648088253766e-19,DOWN
1173,AP2M1,adaptor related protein complex 2 subunit mu 1,-2.39054760639564,2.74814084901454e-18,DOWN
280,AMY2B,amylase alpha 2B,-2.95322404536215,5.85452442353311e-11,DOWN
8811,GALR2,galanin receptor 2,3.35187754345437,3.36674451257081e-09,UP
659,BMPR2,bone morphogenetic protein receptor type 2,-2.2316012167918,1.18990752888314e-18,DOWN
478,ATP1A3,ATPase Na+/K+ transporting subunit alpha 3,-3.51400019712178,1.24808836639786e-08,DOWN
1295,COL8A1,collagen type VIII alpha 1 chain,-2.2365329380214,1.42513914483059e-15,DOWN
8916,HERC3,HECT and RLD domain containing E3 ubiquitin protein ligase 3,1.96472473302768,1.74198630646726e-19,UP
672,BRCA1,BRCA1 DNA repair associated,-2.40514125671451,3.4703995202231e-12,DOWN
973,CD79A,CD79a molecule,-2.33246781697853,1.63904537782551e-12,DOWN
334,APLP2,amyloid beta precursor like protein 2,-2.34836369880508,1.01802940264331e-11,DOWN
1184,CLCN5,chloride voltage-gated channel 5,-2.26472477818071,1.45821042916366e-11,DOWN
487,ATP2A1,ATPase sarcoplasmic/endoplasmic reticulum Ca2+ transporting 1,-2.51356904392992,1.3280387731882e-09,DOWN
3430,IFI35,interferon induced protein 35,-2.89410513346177,5.48591967714028e-08,DOWN
4763,NF1,neurofibromin 1,-2.5471669313298,4.86331958124031e-09,DOWN
1738,DLD,dihydrolipoamide dehydrogenase,-2.35511967473603,4.20307667334145e-09,DOWN
4158,MC2R,melanocortin 2 receptor,-7.07937561293795,0.00010259124503062,DOWN
2491,CENPI,centromere protein I,-2.06280615674209,9.6028304426729e-11,DOWN
1874,E2F4,E2F transcription factor 4,-2.86146543952776,3.29088945649653e-07,DOWN
273,AMPH,amphiphysin,-3.1768085890762,1.65760848775987e-06,DOWN
2001,ELF5,E74 like ETS transcription factor 5,-1.6738527797512,1.15507226131745e-15,DOWN
3257,HPS1,HPS1 biogenesis of lysosomal organelles complex 3 subunit 1,2.38525825797034,2.17182551195274e-08,UP
490,ATP2B1,ATPase plasma membrane Ca2+ transporting 1,-2.28232630574843,8.84309130692487e-09,DOWN
2214,FCGR3A,Fc gamma receptor IIIa,-2.18749194533853,2.99905886258168e-09,DOWN
4312,MMP1,matrix metallopeptidase 1,-2.03690412016611,5.77232773344481e-10,DOWN
766,CA7,carbonic anhydrase 7,2.03306508339553,9.87901282040194e-10,UP
933,CD22,CD22 molecule,-2.69127194667274,5.53948608183679e-07,DOWN
830,CAPZA2,capping actin protein of muscle Z-line subunit alpha 2,1.76261271193094,2.07693939724308e-11,UP
387,RHOA,ras homolog family member A,-2.09395034406453,4.87785691475433e-08,DOWN
733,C8G,complement C8 gamma chain,-4.52671571437519,7.63134417892817e-05,DOWN
706,TSPO,translocator protein,-1.77788057060067,1.05230719888879e-09,DOWN
3890,KRT84,keratin 84,-1.55312754861099,2.024616463481e-11,DOWN
350,APOH,apolipoprotein H,-1.88262527858778,3.55078554153728e-08,DOWN
1448,CSN3,casein kappa,2.19252537896851,6.04728254693488e-07,UP
2030,SLC29A1,solute carrier family 29 member 1 (Augustine blood group),-1.66996170456832,2.1191417008825e-09,DOWN
2938,GSTA1,glutathione S-transferase alpha 1,2.00051865101974,2.42817247443441e-07,UP
1101,CHAD,chondroadherin,-2.08795896924202,6.93294949731641e-07,DOWN
682,BSG,basigin (Ok blood group),2.25425605609664,2.33322445113189e-06,UP
575,ADGRB1,adhesion G protein-coupled receptor B1,-1.58253257184465,3.09239406245929e-09,DOWN
320,APBA1,amyloid beta precursor protein binding family A member 1,-1.49603582967923,1.3001261259764e-09,DOWN
343,AQP8,aquaporin 8,1.62058354195537,2.44332810895369e-08,UP
1073,CFL2,cofilin 2,-1.76662339590985,1.6629014574388e-07,DOWN
1211,CLTA,clathrin light chain A,-1.93196889578377,9.87413822448883e-07,DOWN
1613,DAPK3,death associated protein kinase 3,-1.54456750288542,4.36943855860666e-08,DOWN
1237,CCR8,C-C motif chemokine receptor 8,-1.36063446713418,1.18365588155164e-09,DOWN
1015,CDH17,cadherin 17,-1.38405493696055,4.33447341163972e-09,DOWN
1491,CTH,cystathionine gamma-lyase,-1.69389511672304,4.74327193704594e-07,DOWN
1020,CDK5,cyclin dependent kinase 5,1.42893311164536,1.96445407580649e-08,UP
824,CAPN2,calpain 2,1.97559329028572,4.97503070143235e-06,UP
866,SERPINA6,serpin family A member 6,1.20969804736702,5.89723579051378e-11,UP
538,ATP7A,ATPase copper transporting alpha,-1.76521972183781,2.27888985959478e-06,DOWN
1991,ELANE,"elastase, neutrophil expressed",-1.5795322463242,6.70583246764594e-07,DOWN
653,BMP5,bone morphogenetic protein 5,-1.66289463112681,1.4628171301499e-06,DOWN
1743,DLST,dihydrolipoamide S-succinyltransferase,1.42904705116137,1.09062949261119e-07,UP
1059,CENPB,centromere protein B,1.35816170494181,4.15055151053603e-08,UP
5609,MAP2K7,mitogen-activated protein kinase kinase 7,7.59970876499379,0.000777734460951058,UP
760,CA2,carbonic anhydrase 2,-1.42836516941056,1.63083133784793e-07,DOWN
648,BMI1,"BMI1 proto-oncogene, polycomb ring finger",1.45597375678171,2.42482785478755e-07,UP
843,CASP10,caspase 10,-1.71492302290184,3.05410858716592e-06,DOWN
18,ABAT,4-aminobutyrate aminotransferase,1.38113242560079,1.28773589027639e-07,UP
7404,UTY,"ubiquitously transcribed tetratricopeptide repeat containing, Y-linked",-1.47840244840467,7.26324632371689e-07,DOWN
1196,CLK2,CDC like kinase 2,1.63850048520065,3.38592086647665e-06,UP
23,ABCF1,ATP binding cassette subfamily F member 1,1.7605032666738,7.53564333080433e-06,UP
685,BTC,betacellulin,1.45844298815314,7.37661437495704e-07,UP
2769,GNA15,G protein subunit alpha 15,-1.55334833235703,2.03351937798255e-06,DOWN
1050,CEBPA,CCAAT enhancer binding protein alpha,-1.23308945117595,2.87826042166336e-08,DOWN
3112,HLA-DOB,"major histocompatibility complex, class II, DO beta",-1.18631198222801,1.00085795393678e-08,DOWN
136,ADORA2B,adenosine A2b receptor,1.84012571513376,1.55593177945561e-05,UP
1536,CYBB,cytochrome b-245 beta chain,1.01140679541526,2.60222302663628e-11,UP
5768,QSOX1,quiescin sulfhydryl oxidase 1,1.12949677972624,7.95385953048131e-09,UP
662,BNIP1,BCL2 interacting protein 1,-1.5200603849156,3.59728065771469e-06,DOWN
2029,ENSA,endosulfine alpha,-1.8519848919521,2.50634851134817e-05,DOWN
7306,TYRP1,tyrosinase related protein 1,-1.34381553711223,6.23712451770669e-07,DOWN
1258,CNGB1,cyclic nucleotide gated channel subunit beta 1,1.91803393675909,3.62341364221041e-05,UP
1807,DPYS,dihydropyrimidinase,-2.35108496677085,0.000115851080313832,DOWN
331,XIAP,X-linked inhibitor of apoptosis,-1.54901889242679,5.50556360442016e-06,DOWN
954,ENTPD2,ectonucleoside triphosphate diphosphohydrolase 2,-1.46008242785076,2.72311826883917e-06,DOWN
521,ATP5ME,ATP synthase membrane subunit e,1.27444728956525,3.80594157821155e-07,UP
529,ATP6V1E1,ATPase H+ transporting V1 subunit E1,-1.35805161275915,1.23791811319058e-06,DOWN
1582,CYP8B1,cytochrome P450 family 8 subfamily B member 1,-1.93112040438747,4.94714258378438e-05,DOWN
293,SLC25A6,solute carrier family 25 member 6,-1.28797903840516,7.54114510336031e-07,DOWN
863,CBFA2T3,CBFA2/RUNX1 partner transcriptional co-repressor 3,2.02660425907287,7.25010281388653e-05,UP
2628,GATM,glycine amidinotransferase,-1.51569011928561,7.35846663003432e-06,DOWN
4010,LMX1B,LIM homeobox transcription factor 1 beta,1.23256634320273,3.68556685597965e-07,UP
5920,PLAAT4,phospholipase A and acyltransferase 4,-1.75030174908391,3.06703171803408e-05,DOWN
327,APEH,acylaminoacyl-peptide hydrolase,-1.49947950447472,7.65215979484843e-06,DOWN
1298,COL9A2,collagen type IX alpha 2 chain,-1.64767167308366,1.9266352126369e-05,DOWN
4917,NTN3,netrin 3,-1.57008159886909,1.25811070991017e-05,DOWN
1960,EGR3,early growth response 3,-2.20527956335743,0.000141605662566658,DOWN
328,APEX1,apurinic/apyrimidinic endodeoxyribonuclease 1,-1.84844211853074,5.49324201522583e-05,DOWN
3090,HIC1,HIC ZBTB transcriptional repressor 1,1.52209179150296,1.49896082038272e-05,UP
9075,CLDN2,claudin 2,1.34365670958109,3.81454600350122e-06,UP
970,CD70,CD70 molecule,-1.52520364932481,1.99791091307062e-05,DOWN
4775,NFATC3,nuclear factor of activated T cells 3,1.08100280815135,1.7648358725176e-07,UP
4720,NDUFS2,NADH:ubiquinone oxidoreductase core subunit S2,1.07970648626388,1.85577304929933e-07,UP
1387,CREBBP,CREB binding protein,-1.02858746796887,6.1247203280309e-08,DOWN
783,CACNB2,calcium voltage-gated channel auxiliary subunit beta 2,1.23244445728198,2.2836439399193e-06,UP
984,CDK11B,cyclin dependent kinase 11B,-1.18229023615772,1.58481195056871e-06,DOWN
2444,FRK,fyn related Src family tyrosine kinase,-1.03566843226712,1.48769662024527e-07,DOWN
1131,CHRM3,cholinergic receptor muscarinic 3,-1.73068491650647,8.35716931633003e-05,DOWN
2878,GPX3,glutathione peroxidase 3,-1.11614277336354,1.04288031988367e-06,DOWN
4739,NEDD9,"neural precursor cell expressed, developmentally down-regulated 9",1.83640602097561,0.000125496509656399,UP
1111,CHEK1,checkpoint kinase 1,1.07622963192219,5.73677753100681e-07,UP
1748,DLX4,distal-less homeobox 4,1.11442168522045,1.08638983910031e-06,UP
873,CBR1,carbonyl reductase 1,-1.08522060216161,7.61081765015412e-07,DOWN
489,ATP2A3,ATPase sarcoplasmic/endoplasmic reticulum Ca2+ transporting 3,1.10243990497103,1.42923154908483e-06,UP
8673,VAMP8,vesicle associated membrane protein 8,-1.53182012425092,5.12815660149578e-05,DOWN
1213,CLTC,clathrin heavy chain,1.59657868408127,9.87276248262618e-05,UP
3688,ITGB1,integrin subunit beta 1,-1.26379425411728,1.75592449287451e-05,DOWN
627,BDNF,brain derived neurotrophic factor,1.58781926085186,0.000100276582406524,UP
473,RERE,arginine-glutamic acid dipeptide repeats,1.53664864080067,9.03140017516977e-05,UP
4986,OPRK1,opioid receptor kappa 1,-1.23950615299893,1.74605249416024e-05,DOWN
318,NUDT2,nudix hydrolase 2,1.20105568344229,1.28371754116851e-05,UP
1544,CYP1A2,cytochrome P450 family 1 subfamily A member 2,-1.26859427303287,2.23188740595419e-05,DOWN
5833,PCYT2,"phosphate cytidylyltransferase 2, ethanolamine",1.55868397479487,0.000128194175466157,UP
395,ARHGAP6,Rho GTPase activating protein 6,-1.21431954583022,2.23701807468484e-05,DOWN
344,APOC2,apolipoprotein C2,1.16241836570925,1.51292374894601e-05,UP
814,CAMK4,calcium/calmodulin dependent protein kinase IV,1.11785336255854,1.05072038187295e-05,UP
651,BMP3,bone morphogenetic protein 3,-1.09033626481049,8.4626178763831e-06,DOWN
6697,SPR,sepiapterin reductase,-1.43677484157493,9.56639707121743e-05,DOWN
1908,EDN3,endothelin 3,-1.59284064694761,0.000170401423698208,DOWN
377,ARF3,ADP ribosylation factor 3,1.14893890644536,1.96763861855113e-05,UP
2936,GSR,glutathione-disulfide reductase,1.15062645768472,2.40961840273642e-05,UP
590,BCHE,butyrylcholinesterase,2.53325848292607,0.000908020665900137,UP
2138,EYA1,EYA transcriptional coactivator and phosphatase 1,-1.03105342615884,8.07642164743774e-06,DOWN
474,ATOH1,atonal bHLH transcription factor 1,-1.31292674192087,7.82499386441653e-05,DOWN
2815,GP9,glycoprotein IX platelet,1.32882898452482,8.6461699148132e-05,UP
956,ENTPD3,ectonucleoside triphosphate diphosphohydrolase 3,-1.05512352260655,1.17813825219906e-05,DOWN
2100,ESR2,estrogen receptor 2,-1.25890266198395,6.26503991788212e-05,DOWN
3295,HSD17B4,hydroxysteroid 17-beta dehydrogenase 4,-1.53415249556671,0.0002171469317883,DOWN
6125,RPL5,ribosomal protein L5,-1.03646791708638,1.20360081465206e-05,DOWN
786,CACNG1,calcium voltage-gated channel auxiliary subunit gamma 1,1.06656805609995,2.03225056039354e-05,UP
1466,CSRP2,cysteine and glycine rich protein 2,1.49901011280193,0.000227079980790857,UP
572,BAD,BCL2 associated agonist of cell death,-1.6526733443934,0.000348937209671282,DOWN
604,BCL6,BCL6 transcription repressor,-1.87360455115046,0.000575109445772036,DOWN
955,ENTPD6,ectonucleoside triphosphate diphosphohydrolase 6,1.12436569987865,4.26726370421567e-05,UP
611,OPN1SW,"opsin 1, short wave sensitive",-1.45632833996381,0.000240693335537105,DOWN
915,CD3D,CD3 delta subunit of T-cell receptor complex,1.06983849648902,3.15562099238732e-05,UP
2170,FABP3,fatty acid binding protein 3,-1.4443009958069,0.000299442212858182,DOWN
2019,EN1,engrailed homeobox 1,-1.22033948110975,0.000133325315901035,DOWN
2734,GLG1,golgi glycoprotein 1,-1.01881907461594,4.1082338865792e-05,DOWN
2739,GLO1,glyoxalase I,-1.18641923854282,0.000137849698785477,DOWN
1232,CCR3,C-C motif chemokine receptor 3,-1.02669177309222,4.95502626727066e-05,DOWN
1005,CDH7,cadherin 7,-1.24130717642221,0.000187090047743552,DOWN
4485,MST1,macrophage stimulating 1,1.71278193210069,0.000705236265047161,UP
549,AUH,AU RNA binding methylglutaconyl-CoA hydratase,-1.45349989643504,0.000423097724894175,DOWN
329,BIRC2,baculoviral IAP repeat containing 2,-1.36260798121745,0.000339895182667957,DOWN
5500,PPP1CB,protein phosphatase 1 catalytic subunit beta,1.08424888001786,9.83534768670959e-05,UP
7551,ZNF3,zinc finger protein 3,-1.29573105795321,0.000282452407199664,DOWN
2014,EMP3,epithelial membrane protein 3 (MAM blood group),-1.45771602597071,0.000490568056182734,DOWN
5028,P2RY1,purinergic receptor P2Y1,1.15687894070555,0.000177772993860962,UP
920,CD4,CD4 molecule,1.22996216895329,0.000249757514107357,UP
5440,POLR2K,"RNA polymerase II, I and III subunit K",1.36323730906832,0.00045567149888357,UP
10099,TSPAN3,tetraspanin 3,-1.02807818177148,0.000117570815085655,DOWN
1669,DEFA4,defensin alpha 4,-1.01429277243258,0.000127910385147085,DOWN
699,BUB1,BUB1 mitotic checkpoint serine/threonine kinase,-1.16165305555693,0.000278585033318251,DOWN
250,ALPP,"alkaline phosphatase, placental",1.78744112604602,0.00128684639237702,UP
571,BACH1,BTB domain and CNC homolog 1,1.1667761321569,0.000386763501953595,UP
1003,CDH5,cadherin 5,1.01948097193263,0.000206506139743864,UP
9203,ZMYM3,zinc finger MYM-type containing 3,-1.47286242078575,0.00107458263299655,DOWN
688,KLF5,KLF transcription factor 5,1.10022138340262,0.000417483426108825,UP
390,RND3,Rho family GTPase 3,-1.58396137826624,0.00149312246947249,DOWN
65990,ANTKMT,adenine nucleotide translocase lysine methyltransferase,-1.20250713884131,0.000739934153853556,DOWN
3213,HOXB3,homeobox B3,1.40744112870781,0.00120784147718165,UP
5108,PCM1,pericentriolar material 1,-1.21562900267385,0.000907186661205585,DOWN
701,BUB1B,BUB1 mitotic checkpoint serine/threonine kinase B,-1.68764828825677,0.00195623884506296,DOWN
638,BIK,BCL2 interacting killer,3.35975913221386,0.00358941525059855,UP
353,APRT,adenine phosphoribosyltransferase,-1.18591180036981,0.0009501075665283,DOWN
1477,CSTF1,cleavage stimulation factor subunit 1,-1.05360560474593,0.000671806541203241,DOWN
8361,H4C6,H4 clustered histone 6,-1.08414501145233,0.000958227517770202,DOWN
3064,HTT,huntingtin,-1.53531082369562,0.00229267633908863,DOWN
15,AANAT,aralkylamine N-acetyltransferase,-2.75603604053414,0.00398754126273856,DOWN
3753,KCNE1,potassium voltage-gated channel subfamily E regulatory subunit 1,-1.14962187631937,0.00136256442243475,DOWN
445,ASS1,argininosuccinate synthase 1,-1.03303319789346,0.00106791755485598,DOWN
720,C4A,complement C4A (Chido/Rodgers blood group),-1.83204075780057,0.00312042436238095,DOWN
37,ACADVL,acyl-CoA dehydrogenase very long chain,-1.5010243818968,0.00256832938312293,DOWN
4776,NFATC4,nuclear factor of activated T cells 4,-1.12850442379795,0.00151219763619384,DOWN
288,ANK3,ankyrin 3,1.10497835663414,0.00146047018518617,UP
3706,ITPKA,inositol-trisphosphate 3-kinase A,-1.22277200987119,0.0019461215896307,DOWN
2980,GUCA2A,guanylate cyclase activator 2A,-1.07473952694592,0.00146626785266028,DOWN
5563,PRKAA2,protein kinase AMP-activated catalytic subunit alpha 2,-1.38586559352975,0.00252755861026008,DOWN
5423,POLB,DNA polymerase beta,3.89026450568812,0.00511728016371852,UP
3693,ITGB5,integrin subunit beta 5,-1.08588049856954,0.00167917630372567,DOWN
2824,GPM6B,glycoprotein M6B,-1.13741825057263,0.0019612758498387,DOWN
2248,FGF3,fibroblast growth factor 3,1.66798560467552,0.00374865891622523,UP
1869,E2F1,E2F transcription factor 1,-1.11611890045087,0.00220773239264785,DOWN
354,KLK3,kallikrein related peptidase 3,1.0898716534951,0.0023316309884631,UP
400,ARL1,ADP ribosylation factor like GTPase 1,-1.11210272780517,0.00263483315979685,DOWN
417,ART1,ADP-ribosyltransferase 1,-1.00447175097622,0.00218848902839854,DOWN
3215,HOXB5,homeobox B5,1.21377979368692,0.0031199766233757,UP
24,ABCA4,ATP binding cassette subfamily A member 4,1.04639680559811,0.00244443207698693,UP
1845,DUSP3,dual specificity phosphatase 3,1.02288335074778,0.00235184087035872,UP
1164,CKS2,CDC28 protein kinase regulatory subunit 2,-1.07439557242833,0.00315085520004639,DOWN
1379,CR1L,complement C3b/C4b receptor 1 like,1.62667733121091,0.00526017275731631,UP
2121,EVC,EvC ciliary complex subunit 1,-1.16649068818927,0.00397416803154139,DOWN
966,CD59,CD59 molecule (CD59 blood group),1.23805580323999,0.00431469188751971,UP
2780,GNAT2,G protein subunit alpha transducin 2,-1.25123866107537,0.00491158013881355,DOWN
3460,IFNGR2,interferon gamma receptor 2,-1.15509087252371,0.00462570593433503,DOWN
1728,NQO1,NAD(P)H quinone dehydrogenase 1,-1.47013471561613,0.00565973967944922,DOWN
6708,SPTA1,"spectrin alpha, erythrocytic 1",-1.28545001271254,0.00580697429352239,DOWN
646,BNC1,basonuclin zinc finger protein 1,-1.43254199689299,0.00712098771410664,DOWN
597,BCL2A1,BCL2 related protein A1,-1.04773009139923,0.00656163668024187,DOWN
518,ATP5MC3,ATP synthase membrane subunit c locus 3,1.2353506897225,0.00753845405088271,UP
351,APP,amyloid beta precursor protein,1.1126006752665,0.00767034333334761,UP
1071,CETP,cholesteryl ester transfer protein,-1.53436970267068,0.00877147808104531,DOWN
496,ATP4B,ATPase H+/K+ transporting subunit beta,-10.6392228873126,0.00972109737368881,DOWN
203,AK1,adenylate kinase 1,-1.36126778139442,0.0097342997879011,DOWN
1718,DHCR24,24-dehydrocholesterol reductase,1.32641393515498,0.0100283541126477,UP
834,CASP1,caspase 1,1.33793053343907,0.010050591262212,UP
21,ABCA3,ATP binding cassette subfamily A member 3,1.84372474232111,0.0105957512596478,UP
1088,CEACAM8,CEA cell adhesion molecule 8,-1.05208933255647,0.0100217148747214,DOWN
325,APCS,"amyloid P component, serum",-1.12030186646399,0.0119922350725587,DOWN
